mean_,HRV_sdnn,HRV_rmssd,meanIBI,sum_LF,sum_HF,sum_UHF,LF_energia,HF_energia,UHF_energia,Ratio_LFHF,LFnorm,HFnorm,Rel_power_LF,Rel_power_HF,Rel_power_UHF,sd2,sd1,Lsd2,Tsd1,csi,mcsi,cvi,dfa_bvp,rrate,det,lmax,ent,lam,tt,corDim,nbPeaks,ampPeaks,riseTime,recoveryTime,aup,meanGSR,stdGSR,firstQuartileGSR,thirdQuartileGSR,sp0005,sp0515,sp_energyRatio,dfa,rrate,det,lmax,ent,lam,tt,corDim,mean_,std_,kurtosis_,skewness_,sp0001,sp0102,vol_id,trial_id
-0.179131843074652,0.0153140026825425,0.00440415164636026,0.612916666666667,95.4079168448627,2.49883051978567,2.09325263535165,4.55816156080632,0.915822830339572,0.738719141077679,4.97712156740647,0.832695388788301,0.167304611211699,0.733684061562635,0.147411320303545,0.11890461813382,0.0215538976736484,0.00310802037322698,0.0862155906945937,0.0124320814929079,6.93492805237616,0.597898918460119,-2.9698703436555,0.0140575312211259,17.5170802990133,90.1041905723597,117,4.09527491578172,72.7245605177399,4.29506641366224,1.97186139501674,0,0,0,0,0,1.81248989936838,0.00607942219900731,1.80877085665188,1.81705553690095,-0.78285494121734,-9.01434043175868,9.0141670089878,1.14926533122717,3.30199764982374,73.6654804270463,80,1.76385618977472,49.1103202846975,3.68,0.220794885050805,29.4442924221235,0.0166285276361935,2.4640711196405,-0.231313190156779,9.22471319513173,0.421747594699561,10,9
