mean_,HRV_sdnn,HRV_rmssd,meanIBI,sum_LF,sum_HF,sum_UHF,LF_energia,HF_energia,UHF_energia,Ratio_LFHF,LFnorm,HFnorm,Rel_power_LF,Rel_power_HF,Rel_power_UHF,sd2,sd1,Lsd2,Tsd1,csi,mcsi,cvi,dfa_bvp,rrate,det,lmax,ent,lam,tt,corDim,nbPeaks,ampPeaks,riseTime,recoveryTime,aup,meanGSR,stdGSR,firstQuartileGSR,thirdQuartileGSR,sp0005,sp0515,sp_energyRatio,dfa,rrate,det,lmax,ent,lam,tt,corDim,mean_,std_,kurtosis_,skewness_,sp0001,sp0102,vol_id,trial_id
-0.178019175079757,0.0455567411769835,0.0170869624484367,1.18483333333333,96.3108790098285,3.42776266678833,0.261358323383165,4.56758128241129,1.23190776461308,1.34186292668095,3.70772992395733,0.787583396636441,0.212416603363559,0.639596157594425,0.172503437605232,0.187900404800342,0.0621484619172616,0.0112660142429821,0.248593847669046,0.0450640569719286,5.51645511685513,1.37135680299261,-1.95067933642755,0.00882373482314241,22.5731302122801,96.3758437071468,227,4.56196558968785,94.141689373297,7.89920800956366,2.01681091428818,0,0,0,0,0,1.23028668845278,0.00117137751471242,1.22951438354301,1.23120301363773,-0.782676558487653,-9.00177655376272,9.00160108415849,0.990978908973336,0.489611449375432,15.3846153846154,3,-0,0,0,0.116560303926545,30.8230439221171,0.00657973520792254,2.18423818858824,-0.50341717360757,9.31634184133157,0.446056079211622,108,8
