mean_,HRV_sdnn,HRV_rmssd,meanIBI,sum_LF,sum_HF,sum_UHF,LF_energia,HF_energia,UHF_energia,Ratio_LFHF,LFnorm,HFnorm,Rel_power_LF,Rel_power_HF,Rel_power_UHF,sd2,sd1,Lsd2,Tsd1,csi,mcsi,cvi,dfa_bvp,rrate,det,lmax,ent,lam,tt,corDim,nbPeaks,ampPeaks,riseTime,recoveryTime,aup,meanGSR,stdGSR,firstQuartileGSR,thirdQuartileGSR,sp0005,sp0515,sp_energyRatio,dfa,rrate,det,lmax,ent,lam,tt,corDim,mean_,std_,kurtosis_,skewness_,sp0001,sp0102,vol_id,trial_id
-0.194550054167159,0.0306732155772125,0.00964365076099295,0.717884615384615,83.8232526299304,11.4244069175242,4.75234045254535,4.42871044668236,2.43575202449405,1.55863722354819,1.81821072184156,0.645164929559791,0.354835070440209,0.525781553963569,0.289175257657174,0.185043188379257,0.0404920259639681,0.00633278506398777,0.161968103855872,0.0253311402559511,6.39403130768347,1.03562912690058,-2.38691576245826,0.0107809924591695,18.408331206043,84.9184337533576,119,3.2045734240115,72.7238977091568,5.51980772418366,2.21478070890159,0,0,0,0,0,1.05255230691619,0.00830341525964279,1.04627137395568,1.05568254573144,-0.782036212716484,-8.93849919916698,8.93831367509197,1.0566277372497,5.33490011750881,80.8370044052864,67,3.0589768408912,64.8678414096916,4.49618320610687,0.439465251646858,31.0612700870735,0.0197793185514634,1.39122757004016,0.0653327787845828,9.33130684416332,0.494128077229463,47,8
