mean_,HRV_sdnn,HRV_rmssd,meanIBI,sum_LF,sum_HF,sum_UHF,LF_energia,HF_energia,UHF_energia,Ratio_LFHF,LFnorm,HFnorm,Rel_power_LF,Rel_power_HF,Rel_power_UHF,sd2,sd1,Lsd2,Tsd1,csi,mcsi,cvi,dfa_bvp,rrate,det,lmax,ent,lam,tt,corDim,nbPeaks,ampPeaks,riseTime,recoveryTime,aup,meanGSR,stdGSR,firstQuartileGSR,thirdQuartileGSR,sp0005,sp0515,sp_energyRatio,dfa,rrate,det,lmax,ent,lam,tt,corDim,mean_,std_,kurtosis_,skewness_,sp0001,sp0102,vol_id,trial_id
-0.178979181274998,0.0244322892683695,0.0103901176824204,0.824130434782609,85.1132335463296,9.86404776942615,5.02271868424436,4.44398252932186,2.28889660865508,1.61397135767383,1.94153921698241,0.660041928311989,0.339958071688011,0.532414295863746,0.274222787367251,0.193362916769003,0.0319839143824014,0.00720937641028042,0.127935657529605,0.0288375056411217,4.43643285663278,0.567577954599261,-2.43305070197264,0.00760899161494652,21.1472091625578,93.9662383088739,150,4.01458623382863,88.5141814310699,5.61630782220614,1.78606760500774,0,0,0,0,0,2.83041275609563,0.00353032385388608,2.82650762871762,2.83308757142356,-0.781958009575499,-8.99617503978558,8.9959987439748,1.39195108471495,3.07206605549147,86.9565217391304,36,2.8490767868168,43.0830039525692,3.82456140350877,0.221040814825678,29.6452197950563,0.0204452818633194,2.71542271047621,1.04127004928861,9.23757370356901,0.396219894178154,104,8
