mean_,HRV_sdnn,HRV_rmssd,meanIBI,sum_LF,sum_HF,sum_UHF,LF_energia,HF_energia,UHF_energia,Ratio_LFHF,LFnorm,HFnorm,Rel_power_LF,Rel_power_HF,Rel_power_UHF,sd2,sd1,Lsd2,Tsd1,csi,mcsi,cvi,dfa_bvp,rrate,det,lmax,ent,lam,tt,corDim,nbPeaks,ampPeaks,riseTime,recoveryTime,aup,meanGSR,stdGSR,firstQuartileGSR,thirdQuartileGSR,sp0005,sp0515,sp_energyRatio,dfa,rrate,det,lmax,ent,lam,tt,corDim,mean_,std_,kurtosis_,skewness_,sp0001,sp0102,vol_id,trial_id
-0.181320662279808,0.0130169773605374,0.00707106781186547,0.789347826086956,85.5905689228001,7.97481926962948,6.43461180757041,4.44957510094235,2.07628898629869,1.86169151406457,2.14304228857583,0.681836924805387,0.318163075194613,0.530497240489199,0.24754399076359,0.221958768747212,0.0172821943752592,0.00498645351073472,0.0691287775010367,0.0199458140429389,3.46582883768083,0.239588510576714,-2.86048935752751,0.0156927534469221,18.1683326532704,89.3968225870691,136,4.00704601566777,84.6705314864805,5.3206340378198,2.04545009144688,0,0,0,0,0,1.58592055073042,0.00700529933471771,1.57913277411248,1.59275027420187,-0.784235445187467,-8.99690000495143,8.99672352815004,1.51730314824151,6.7907995618839,90.3225806451613,165,2.77056604245253,70.9677419354839,4.09937888198758,0.968323075521984,30.2459055920038,0.0335108357221514,1.67767958718293,-0.305062911628503,9.27850087583471,0.434072140347997,44,8
