mean_,HRV_sdnn,HRV_rmssd,meanIBI,sum_LF,sum_HF,sum_UHF,LF_energia,HF_energia,UHF_energia,Ratio_LFHF,LFnorm,HFnorm,Rel_power_LF,Rel_power_HF,Rel_power_UHF,sd2,sd1,Lsd2,Tsd1,csi,mcsi,cvi,dfa_bvp,rrate,det,lmax,ent,lam,tt,corDim,nbPeaks,ampPeaks,riseTime,recoveryTime,aup,meanGSR,stdGSR,firstQuartileGSR,thirdQuartileGSR,sp0005,sp0515,sp_energyRatio,dfa,rrate,det,lmax,ent,lam,tt,corDim,mean_,std_,kurtosis_,skewness_,sp0001,sp0102,vol_id,trial_id
-0.189063326384642,0.0313347810785545,0.0135803178796648,0.840159321706205,87.3584522164342,11.0971229186132,1.54442486495253,4.47001979453692,2.40668587819974,0.434651585351201,1.85733411868466,0.650023427970566,0.349976572029434,0.611380300093004,0.329170876657333,0.0594488232496624,0.0422223113386376,0.00957463628539611,0.16888924535455,0.0382985451415845,4.4098083812372,0.744769209665322,-2.18921572824487,0.0108900431124126,19.8439004387913,83.7749685993274,117,3.10007514792434,78.0478910903124,5.67685846901938,2.48867696134957,0,0,0,0,0,4.97231949199954,0.00211659966208528,4.97079477485541,4.97358535663154,-0.782386002048602,-8.99901413028837,8.9988382339685,1.29741847810001,1.69212690951821,48.6111111111111,13,1.62668884970183,15.625,3.75,0.19413793352288,30.9519721451025,0.0145053387802562,2.11711023161727,0.101872229958993,9.3246223927532,0.44261784570886,31,9
