mean_,HRV_sdnn,HRV_rmssd,meanIBI,sum_LF,sum_HF,sum_UHF,LF_energia,HF_energia,UHF_energia,Ratio_LFHF,LFnorm,HFnorm,Rel_power_LF,Rel_power_HF,Rel_power_UHF,sd2,sd1,Lsd2,Tsd1,csi,mcsi,cvi,dfa_bvp,rrate,det,lmax,ent,lam,tt,corDim,nbPeaks,ampPeaks,riseTime,recoveryTime,aup,meanGSR,stdGSR,firstQuartileGSR,thirdQuartileGSR,sp0005,sp0515,sp_energyRatio,dfa,rrate,det,lmax,ent,lam,tt,corDim,mean_,std_,kurtosis_,skewness_,sp0001,sp0102,vol_id,trial_id
-0.204689865978482,0.0803220286688134,0.0520816666399991,0.928875,77.8772950708243,20.509365555245,1.61333937393072,4.35513444788779,3.02088163817069,0.478306176225358,1.44167662607432,0.590445356554943,0.409554643445057,0.554488891906178,0.384613915407679,0.0608971926861426,0.106282459781988,0.0378190617645195,0.425129839127953,0.151276247058078,2.81028811459566,1.19473733406125,-1.1917076698235,0.0171721285392331,19.5548569556364,94.0053039491808,105,4.26229786775316,89.8700738030138,5.9420280005437,2.12218558367976,0,0,0,0,0,2.06473803288446,0.0120670939479313,2.053052162579,2.07481362620662,-0.779224581218246,-9.02125064955376,9.02107846234059,1.75607666075588,6.18682467758801,96.9014084507042,151,2.82346652842779,55.6338028169014,5.06410256410256,1.12386307092928,31.5413341089041,0.00882197047460949,2.0558447926103,-0.053328127093681,9.36219135141769,0.519697577625933,13,9
