mean_,HRV_sdnn,HRV_rmssd,meanIBI,sum_LF,sum_HF,sum_UHF,LF_energia,HF_energia,UHF_energia,Ratio_LFHF,LFnorm,HFnorm,Rel_power_LF,Rel_power_HF,Rel_power_UHF,sd2,sd1,Lsd2,Tsd1,csi,mcsi,cvi,dfa_bvp,rrate,det,lmax,ent,lam,tt,corDim,nbPeaks,ampPeaks,riseTime,recoveryTime,aup,meanGSR,stdGSR,firstQuartileGSR,thirdQuartileGSR,sp0005,sp0515,sp_energyRatio,dfa,rrate,det,lmax,ent,lam,tt,corDim,mean_,std_,kurtosis_,skewness_,sp0001,sp0102,vol_id,trial_id
-0.18484709958887,0.152297365755161,0.0840269456620761,1.00886798739852,70.1391000113504,25.8756720183996,3.98522797024998,4.25048041331164,3.25330322297386,1.382594517695,1.3065122191181,0.56644495888153,0.43355504111847,0.478314150001338,0.366100020345927,0.155585829652735,0.1836128611379,0.0581989672421368,0.734451444551601,0.232795868968547,3.15491614093389,2.31713271714806,-0.767061641281051,0.0212404897287705,19.842292408287,95.1720085902994,89,4.08726087287702,92.378135256696,6.44011299435028,2.40711922524578,0,0,0,0,0,4.8484204340035,0.00458039868699084,4.84493664526329,4.8523097947928,-0.782696095073298,-8.99870461885012,8.99852867378622,1.73911449270295,2.67136178738389,85.4545454545455,105,1.91973671780348,12.2727272727273,3,1.35159386796039,29.605130705302,0.0299155094413775,1.79433741959629,0.64066030863174,9.23430196972344,0.399238390619058,16,8
