mean_,HRV_sdnn,HRV_rmssd,meanIBI,sum_LF,sum_HF,sum_UHF,LF_energia,HF_energia,UHF_energia,Ratio_LFHF,LFnorm,HFnorm,Rel_power_LF,Rel_power_HF,Rel_power_UHF,sd2,sd1,Lsd2,Tsd1,csi,mcsi,cvi,dfa_bvp,rrate,det,lmax,ent,lam,tt,corDim,nbPeaks,ampPeaks,riseTime,recoveryTime,aup,meanGSR,stdGSR,firstQuartileGSR,thirdQuartileGSR,sp0005,sp0515,sp_energyRatio,dfa,rrate,det,lmax,ent,lam,tt,corDim,mean_,std_,kurtosis_,skewness_,sp0001,sp0102,vol_id,trial_id
-0.198934638254248,0.0197207530983682,0.0203799143543566,0.835108695652174,54.1578870374728,32.614122564211,13.2279903983162,3.99190361450237,3.48474540205652,2.5823350692587,1.14553666163001,0.533916144205955,0.466083855794045,0.396849580479072,0.34643114775077,0.256719271770158,0.0231898806113909,0.0146578953504211,0.0927595224455637,0.0586315814016844,1.58207437404884,0.146752463410135,-2.26450988784489,0.00215337526554887,22.7033806831316,87.4351482957061,154,3.36189429575423,81.8636564851704,6.15776505061268,2.3010536812261,0,0,0,0,0,4.89504780594179,0.00874105767390309,4.88637697004992,4.89947201179414,-0.782328593162744,-8.99778190070393,8.9976057968852,1.73300626950213,11.5749168288243,89.4793926247288,145,3.10868631336393,83.7310195227766,6.5982905982906,0.460786614030148,30.9247320370007,0.0204001946179474,2.94167528686071,0.404356178137559,9.32132756261147,0.511357606020465,31,8
