mean_,HRV_sdnn,HRV_rmssd,meanIBI,sum_LF,sum_HF,sum_UHF,LF_energia,HF_energia,UHF_energia,Ratio_LFHF,LFnorm,HFnorm,Rel_power_LF,Rel_power_HF,Rel_power_UHF,sd2,sd1,Lsd2,Tsd1,csi,mcsi,cvi,dfa_bvp,rrate,det,lmax,ent,lam,tt,corDim,nbPeaks,ampPeaks,riseTime,recoveryTime,aup,meanGSR,stdGSR,firstQuartileGSR,thirdQuartileGSR,sp0005,sp0515,sp_energyRatio,dfa,rrate,det,lmax,ent,lam,tt,corDim,mean_,std_,kurtosis_,skewness_,sp0001,sp0102,vol_id,trial_id
-0.182500863106357,0.00369512237158481,0.00329088301741929,0.606047723350591,62.750790943436,19.3500043589583,17.8992046976056,4.13917118260873,2.96269264474493,2.88475628155829,1.39709773470784,0.582828857780436,0.417171142219564,0.414471676850407,0.296666200619873,0.28886212252972,0.00469749850102504,0.00236374920520721,0.0187899940041001,0.00945499682082884,1.9873083365514,0.0373415117280991,-3.75041197133027,0.00480956021471347,18.3102413452783,90.4296660592355,163,4.14383601748371,73.2089929084243,4.31197465407992,2.24210399273741,0,0,0,0,0,1.70818837125745,0.00638403824582833,1.70456480308051,1.71318170075015,-0.782263550516157,-9.01760192853132,9.0174289809091,1.31062661162289,4.70035252643948,79.75,66,2.81902694576411,60.625,5,0.468557727864296,29.5596846191345,0.0124207813691498,3.35987299657988,-0.162966437687177,9.23277233027261,0.372263583133173,10,8
