mean_,HRV_sdnn,HRV_rmssd,meanIBI,sum_LF,sum_HF,sum_UHF,LF_energia,HF_energia,UHF_energia,Ratio_LFHF,LFnorm,HFnorm,Rel_power_LF,Rel_power_HF,Rel_power_UHF,sd2,sd1,Lsd2,Tsd1,csi,mcsi,cvi,dfa_bvp,rrate,det,lmax,ent,lam,tt,corDim,nbPeaks,ampPeaks,riseTime,recoveryTime,aup,meanGSR,stdGSR,firstQuartileGSR,thirdQuartileGSR,sp0005,sp0515,sp_energyRatio,dfa,rrate,det,lmax,ent,lam,tt,corDim,mean_,std_,kurtosis_,skewness_,sp0001,sp0102,vol_id,trial_id
-0.18568018920553,0.0147972407337765,0.00901387818865994,0.883333333333333,82.3738790499809,13.516693762102,4.10942718791705,4.41126838483911,2.60392549648578,1.41328364845871,1.69408394779056,0.628816317761698,0.371183682238302,0.523376656015404,0.308943754940833,0.167679589043764,0.0192661415578292,0.00637635434530123,0.0770645662313168,0.0255054173812049,3.02149794608365,0.232850428583751,-2.70651282683477,0.0298000926389503,19.3598832569854,92.5516009801072,124,3.99829428722149,90.8706756925122,5.80198873052701,2.2594701591571,0,0,0,0,0,2.42728842114994,0.00144242169384493,2.42647649064318,2.42824841465859,-0.782326047627181,-9.00068753264717,9.00051184182357,0.584240981828043,0.539828008285732,34.8837209302326,4,0.811278124459133,6.97674418604651,3,0.172388762966678,32.0267070748846,0.0076449052764506,2.12887902649978,0.327293973557576,9.39240057100488,0.518980120435311,61,9
