mean_,HRV_sdnn,HRV_rmssd,meanIBI,sum_LF,sum_HF,sum_UHF,LF_energia,HF_energia,UHF_energia,Ratio_LFHF,LFnorm,HFnorm,Rel_power_LF,Rel_power_HF,Rel_power_UHF,sd2,sd1,Lsd2,Tsd1,csi,mcsi,cvi,dfa_bvp,rrate,det,lmax,ent,lam,tt,corDim,nbPeaks,ampPeaks,riseTime,recoveryTime,aup,meanGSR,stdGSR,firstQuartileGSR,thirdQuartileGSR,sp0005,sp0515,sp_energyRatio,dfa,rrate,det,lmax,ent,lam,tt,corDim,mean_,std_,kurtosis_,skewness_,sp0001,sp0102,vol_id,trial_id
-0.187653963946476,0.032037923956283,0.0121191996435408,0.900357142857143,89.5525300853625,7.95157833501005,2.4958915796275,4.49482538143382,2.0733704416669,0.914646011914499,2.16788340911245,0.684331816908574,0.315668183091426,0.600684269497817,0.27708329099845,0.122232439503733,0.0431296240846615,0.00816362277681332,0.172518496338646,0.0326544911072533,5.28314760049425,0.911440679972394,-2.24922141575976,0.0273215197975865,19.4724453922891,93.3998100664767,126,4.08900102185969,90.8759651513275,5.7126078774901,2.11706753082248,0,0,0,0,0,2.51071011345284,0.00956313104167257,2.50239521556935,2.51518364234892,-0.783217239349304,-8.98412153634038,8.98394318940202,1.44844246830883,5.52929085303186,91.0780669144981,93,3.07924539306251,53.9033457249071,3.625,1.35565073926568,31.8159025396668,0.0121364319511057,2.52916041190598,0.708030500184987,9.37883151837539,0.527518970412295,61,8
