mean_,HRV_sdnn,HRV_rmssd,meanIBI,sum_LF,sum_HF,sum_UHF,LF_energia,HF_energia,UHF_energia,Ratio_LFHF,LFnorm,HFnorm,Rel_power_LF,Rel_power_HF,Rel_power_UHF,sd2,sd1,Lsd2,Tsd1,csi,mcsi,cvi,dfa_bvp,rrate,det,lmax,ent,lam,tt,corDim,nbPeaks,ampPeaks,riseTime,recoveryTime,aup,meanGSR,stdGSR,firstQuartileGSR,thirdQuartileGSR,sp0005,sp0515,sp_energyRatio,dfa,rrate,det,lmax,ent,lam,tt,corDim,mean_,std_,kurtosis_,skewness_,sp0001,sp0102,vol_id,trial_id
-0.179874922281594,0.0276704184333568,0.0133853153368408,0.852159090909091,75.7999649686908,20.1289185264631,4.07111650484615,4.32809783049374,3.00215751374068,1.40391728734916,1.44166247463177,0.590442982848883,0.409557017151117,0.495536098616019,0.343725460942299,0.160738440441682,0.0356297511451689,0.00924452862637189,0.142519004580676,0.0369781145054875,3.85414471469403,0.549288868248066,-2.2781824566844,0.0134119005584573,20.84409541249,91.648987463838,112,4.42755821844966,87.6239151398264,5.73106275622832,2.19589724637113,0.05,0.000210517465727555,0.35,1.35,0.0175241149372905,2.75400829875823,0.0256563900614065,2.74009325394704,2.7434991663282,-0.784042972944405,-8.97252968267831,8.97234916369528,0.810281712804941,77.4577851445147,99.3045339039722,152,5.12209691525639,99.25103651197,22.2852852852853,0.664987619474277,31.2881922035835,0.0198021336588479,3.40987936489994,1.032155789944,9.34492618102562,0.508786879484233,79,8
