mean_,HRV_sdnn,HRV_rmssd,meanIBI,sum_LF,sum_HF,sum_UHF,LF_energia,HF_energia,UHF_energia,Ratio_LFHF,LFnorm,HFnorm,Rel_power_LF,Rel_power_HF,Rel_power_UHF,sd2,sd1,Lsd2,Tsd1,csi,mcsi,cvi,dfa_bvp,rrate,det,lmax,ent,lam,tt,corDim,nbPeaks,ampPeaks,riseTime,recoveryTime,aup,meanGSR,stdGSR,firstQuartileGSR,thirdQuartileGSR,sp0005,sp0515,sp_energyRatio,dfa,rrate,det,lmax,ent,lam,tt,corDim,mean_,std_,kurtosis_,skewness_,sp0001,sp0102,vol_id,trial_id
-0.19530384895066,0.0193451334894158,0.00703077649920817,0.772934782608696,92.8207990901435,4.85403611767431,2.32516479218221,4.53067074280574,1.57981054808314,0.843790914885505,2.86785700241275,0.741458901046185,0.258541098953815,0.651494593358564,0.227171226741939,0.121334179899498,0.0264616033190818,0.0050457860348965,0.105846413276327,0.020183144139586,5.24429754572909,0.555090085369271,-2.67033503218019,0.0166153363741442,18.9257150208139,91.7902204851523,187,4.04654367384237,85.554823909257,4.99503937496125,2.18148582474059,0,0,0,0,0,0.818505624477473,0.00309348629952175,0.81553677357623,0.820840993079337,-0.782233097935604,-9.01063100228001,9.01045669216074,1.06041170028158,1.36561142147734,59.0909090909091,12,2.12808527889139,12.7272727272727,3.11111111111111,0.253817641721997,31.2735346827057,0.00672517433208236,3.5950190096537,-0.649517598506224,9.34524659998406,0.496340134314072,75,9
