mean_,HRV_sdnn,HRV_rmssd,meanIBI,sum_LF,sum_HF,sum_UHF,LF_energia,HF_energia,UHF_energia,Ratio_LFHF,LFnorm,HFnorm,Rel_power_LF,Rel_power_HF,Rel_power_UHF,sd2,sd1,Lsd2,Tsd1,csi,mcsi,cvi,dfa_bvp,rrate,det,lmax,ent,lam,tt,corDim,nbPeaks,ampPeaks,riseTime,recoveryTime,aup,meanGSR,stdGSR,firstQuartileGSR,thirdQuartileGSR,sp0005,sp0515,sp_energyRatio,dfa,rrate,det,lmax,ent,lam,tt,corDim,mean_,std_,kurtosis_,skewness_,sp0001,sp0102,vol_id,trial_id
-0.204385395454571,0.053839908571484,0.0195009861683573,0.698796296296297,96.3225203352421,2.74241462172054,0.93506504303736,4.56770214748938,1.00883878113135,0.0671391873671256,4.52768294887217,0.819092373920608,0.180907626079392,0.809348165313204,0.178755485852827,0.0118963488339689,0.0754104155221994,0.0139938173161194,0.301641662088798,0.0559752692644776,5.38883807174863,1.62549807268965,-1.77251248345802,0.000989396647143645,25.4615550056985,91.0445875963117,156,3.76125388719084,85.1727295692813,6.85320459886934,2.48708205347338,0,0,0,0,0,2.34435739613731,0.0708187712661865,2.27999924649878,2.41152685108335,-0.782445634906503,-8.98323192090649,8.98305315436684,1.77866348200058,12.8766360345308,98.961937716263,189,4.12061244650724,97.4913494809689,5.99468085106383,0.959827994322417,32.6170611862001,0.123942168313222,1.61898908692873,-0.0698627947940234,9.4288926931274,0.580916090048835,1,8
