mean_,HRV_sdnn,HRV_rmssd,meanIBI,sum_LF,sum_HF,sum_UHF,LF_energia,HF_energia,UHF_energia,Ratio_LFHF,LFnorm,HFnorm,Rel_power_LF,Rel_power_HF,Rel_power_UHF,sd2,sd1,Lsd2,Tsd1,csi,mcsi,cvi,dfa_bvp,rrate,det,lmax,ent,lam,tt,corDim,nbPeaks,ampPeaks,riseTime,recoveryTime,aup,meanGSR,stdGSR,firstQuartileGSR,thirdQuartileGSR,sp0005,sp0515,sp_energyRatio,dfa,rrate,det,lmax,ent,lam,tt,corDim,mean_,std_,kurtosis_,skewness_,sp0001,sp0102,vol_id,trial_id
-0.184972926700668,0.0429557622540039,0.0249880924022776,0.838068181818182,83.7683606406779,13.0273063234183,3.20433303590383,4.42805537820794,2.56704764094102,1.16450396759454,1.72496034260771,0.633022182244668,0.366977817755332,0.542679982675878,0.314604324094478,0.142715693229644,0.0578106257739955,0.0179437779373984,0.231242503095982,0.0717751117495937,3.22176444535164,0.745008874728752,-1.77995846088942,-0.00685267533105772,19.0012924545179,92.3623746456227,126,4.49334385534984,87.3672407227182,5.14836055354694,2.07273388916885,0,0,0,0,0,2.78936386118384,0.0104577443759787,2.78040135813043,2.7989261718976,-0.781763252808384,-9.00152080445223,9.00134549460045,1.56928143442638,5.95903165735568,95.4166666666667,161,2.98502735147224,67.9166666666667,3.76878612716763,0.760387411762854,31.303601151546,0.00529562661450094,2.72977801434223,0.222511213619841,9.34709500054606,0.477218406766576,79,9
