mean_,HRV_sdnn,HRV_rmssd,meanIBI,sum_LF,sum_HF,sum_UHF,LF_energia,HF_energia,UHF_energia,Ratio_LFHF,LFnorm,HFnorm,Rel_power_LF,Rel_power_HF,Rel_power_UHF,sd2,sd1,Lsd2,Tsd1,csi,mcsi,cvi,dfa_bvp,rrate,det,lmax,ent,lam,tt,corDim,nbPeaks,ampPeaks,riseTime,recoveryTime,aup,meanGSR,stdGSR,firstQuartileGSR,thirdQuartileGSR,sp0005,sp0515,sp_energyRatio,dfa,rrate,det,lmax,ent,lam,tt,corDim,mean_,std_,kurtosis_,skewness_,sp0001,sp0102,vol_id,trial_id
-0.183228818923112,0.0403021675084895,0.0192435053979258,0.996470588235294,89.4626159134899,8.19980149111057,2.33758259539958,4.49382083872954,2.10410994557603,0.849117316486744,2.13573480234622,0.681095480634466,0.318904519365534,0.603436526514637,0.282542816576163,0.114020656909199,0.0537466084201288,0.0132110275906153,0.214986433680515,0.0528441103624613,4.06831399385681,0.874632316631809,-1.94459235367235,0.0126424700546849,26.5341113520923,91.9929095206351,263,4.88880567344253,91.7073207684383,7.50859021273956,2.10427137631014,0,0,0,0,0,1.30479124868738,0.00243681898649728,1.3030602759159,1.30615777625662,-0.782625304005728,-8.99370873148667,8.99353190987868,1.37793492601965,2.58962756700313,81.7204301075269,48,2.41605634217906,20.6989247311828,3.20833333333333,0.322936212855099,29.9075117762719,0.0148740584548469,1.56682081340908,-0.0573762818846869,9.25544926565883,0.397984572072009,46,9
