mean_,HRV_sdnn,HRV_rmssd,meanIBI,sum_LF,sum_HF,sum_UHF,LF_energia,HF_energia,UHF_energia,Ratio_LFHF,LFnorm,HFnorm,Rel_power_LF,Rel_power_HF,Rel_power_UHF,sd2,sd1,Lsd2,Tsd1,csi,mcsi,cvi,dfa_bvp,rrate,det,lmax,ent,lam,tt,corDim,nbPeaks,ampPeaks,riseTime,recoveryTime,aup,meanGSR,stdGSR,firstQuartileGSR,thirdQuartileGSR,sp0005,sp0515,sp_energyRatio,dfa,rrate,det,lmax,ent,lam,tt,corDim,mean_,std_,kurtosis_,skewness_,sp0001,sp0102,vol_id,trial_id
-0.179157153148949,0.0397479008736672,0.0184897141066837,0.755247175141243,89.6909089065137,6.2327572413927,4.07633385209362,4.49636941394537,1.82981880975439,1.40519801880061,2.45727576412274,0.710754921439209,0.289245078560791,0.581573507378054,0.236674090824185,0.181752401797761,0.0537237877492206,0.0130806108593956,0.214895150996882,0.0523224434375823,4.10713141203431,0.882602624953151,-1.94908536686711,0.000811626208823967,17.7313503637164,90.5117101593851,73,3.90038626228202,82.384882218242,5.24161557879553,2.5758469263852,0.05,0.00032528498469131,0.2,1.65,0.0184579385168441,3.59786503038403,0.00996756796584736,3.59231201987815,3.60127574204111,-0.780948789346834,-9.01044272890763,9.01026850299135,1.32017368205196,7.97442603894217,90.2332361516035,90,3.08799907279717,82.1428571428571,6.05913978494624,0.26620391357257,30.3480222672777,0.0217526985969409,1.52716929154752,-0.360653577452808,9.28579983124472,0.413146982803854,52,9
