mean_,HRV_sdnn,HRV_rmssd,meanIBI,sum_LF,sum_HF,sum_UHF,LF_energia,HF_energia,UHF_energia,Ratio_LFHF,LFnorm,HFnorm,Rel_power_LF,Rel_power_HF,Rel_power_UHF,sd2,sd1,Lsd2,Tsd1,csi,mcsi,cvi,dfa_bvp,rrate,det,lmax,ent,lam,tt,corDim,nbPeaks,ampPeaks,riseTime,recoveryTime,aup,meanGSR,stdGSR,firstQuartileGSR,thirdQuartileGSR,sp0005,sp0515,sp_energyRatio,dfa,rrate,det,lmax,ent,lam,tt,corDim,mean_,std_,kurtosis_,skewness_,sp0001,sp0102,vol_id,trial_id
-0.187774734085498,0.0378168432892492,0.0197282676749517,0.8175,88.1180366553523,9.21885988054116,2.66310346410658,4.4786772413336,2.2212513727142,0.979492158539162,2.016285638064,0.668466412006706,0.331533587993294,0.583205084597138,0.289247254251694,0.127547661151168,0.0515587652786243,0.0141631648333004,0.206235061114497,0.0566526593332018,3.6403421047109,0.750766176442729,-1.93241719938285,0.0199425751317211,20.967511753698,90.4672431313151,119,3.53256264491548,86.9461433748107,6.57939789626406,2.39827457796788,0.05,0.000296488705551057,0.3,1.5,0.0179883130672836,2.72273363063134,0.0329543360629453,2.68102279564108,2.74647573652182,-0.776206248931429,-9.01999401126132,9.01982182886147,1.87768240096701,21.2310843099329,99.0353697749196,187,5.23600694533096,97.2936763129689,12.1033333333333,0.613034780077114,31.3732541228417,0.0187683078927147,3.57012094188583,0.173592041792457,9.35126923944462,0.505294774443098,38,8
