mean_,HRV_sdnn,HRV_rmssd,meanIBI,sum_LF,sum_HF,sum_UHF,LF_energia,HF_energia,UHF_energia,Ratio_LFHF,LFnorm,HFnorm,Rel_power_LF,Rel_power_HF,Rel_power_UHF,sd2,sd1,Lsd2,Tsd1,csi,mcsi,cvi,dfa_bvp,rrate,det,lmax,ent,lam,tt,corDim,nbPeaks,ampPeaks,riseTime,recoveryTime,aup,meanGSR,stdGSR,firstQuartileGSR,thirdQuartileGSR,sp0005,sp0515,sp_energyRatio,dfa,rrate,det,lmax,ent,lam,tt,corDim,mean_,std_,kurtosis_,skewness_,sp0001,sp0102,vol_id,trial_id
-0.207740923555405,0.0429925787010017,0.00935414346693486,0.688148148148148,94.1342383926559,4.5238797099643,1.34188189737977,4.54472183155762,1.50936996859098,0.294073029743723,3.011005867435,0.750685979265473,0.249314020734527,0.715911126024544,0.237764772818065,0.0463241011573909,0.0601327058071754,0.00620948406131237,0.240530823228702,0.0248379362452495,9.68401001007907,2.32930289987931,-2.22371375433519,0.0109787563461249,26.5618498782922,91.2309112648132,155,3.77563149603314,84.7464168419778,6.8907826729018,2.36066929844652,0,0,0,0,0,1.68698930392363,0.0109558493647876,1.67646664037402,1.69724240155942,-0.782407089616186,-9.00377038913547,9.00359534013683,1.88347072713852,13.6638000106832,98.0453479280688,193,3.87661619983171,92.4941360437842,6.93841642228739,1.08901252926394,32.2916701968698,0.0161422321499342,3.56014547620095,-1.10902898849892,9.40962864070443,0.597272072170484,1,9
