mean_,HRV_sdnn,HRV_rmssd,meanIBI,sum_LF,sum_HF,sum_UHF,LF_energia,HF_energia,UHF_energia,Ratio_LFHF,LFnorm,HFnorm,Rel_power_LF,Rel_power_HF,Rel_power_UHF,sd2,sd1,Lsd2,Tsd1,csi,mcsi,cvi,dfa_bvp,rrate,det,lmax,ent,lam,tt,corDim,nbPeaks,ampPeaks,riseTime,recoveryTime,aup,meanGSR,stdGSR,firstQuartileGSR,thirdQuartileGSR,sp0005,sp0515,sp_energyRatio,dfa,rrate,det,lmax,ent,lam,tt,corDim,mean_,std_,kurtosis_,skewness_,sp0001,sp0102,vol_id,trial_id
-0.178904654149191,0.0642849511554216,0.0221011659977825,1.31714285714286,92.239909771081,7.76009022891898,0,4.52439289776302,2.04899396156554,0,2.20810455405449,0.688289460910439,0.311710539089561,0.688289460910439,0.311710539089561,0,0.0854273758139716,0.0129006310718229,0.341709503255886,0.0516025242872915,6.62195324696629,2.26278435460455,-1.75367199598159,0.0120419287356041,35.4844091392414,93.5050074772284,235,5.20281553250272,94.7024969411338,12.1367695099819,2.07091049169984,0,0,0,0,0,0.510128501961005,0.00121230352186401,0.509380887055728,0.511127046511169,-0.782497458069227,-8.98910898672973,8.98893212065617,0.435607002340756,0.477057309647856,34.2105263157895,4,0.811278124459133,18.4210526315789,3.5,0.104535651563545,27.7455725073742,0.0552315648165803,2.03306447279839,-0.839839363289634,9.10860352806088,0.219844660015527,56,9
