mean_,HRV_sdnn,HRV_rmssd,meanIBI,sum_LF,sum_HF,sum_UHF,LF_energia,HF_energia,UHF_energia,Ratio_LFHF,LFnorm,HFnorm,Rel_power_LF,Rel_power_HF,Rel_power_UHF,sd2,sd1,Lsd2,Tsd1,csi,mcsi,cvi,dfa_bvp,rrate,det,lmax,ent,lam,tt,corDim,nbPeaks,ampPeaks,riseTime,recoveryTime,aup,meanGSR,stdGSR,firstQuartileGSR,thirdQuartileGSR,sp0005,sp0515,sp_energyRatio,dfa,rrate,det,lmax,ent,lam,tt,corDim,mean_,std_,kurtosis_,skewness_,sp0001,sp0102,vol_id,trial_id
-0.180314990201262,0.0368352186546155,0.0248851528693985,0.7487,82.817447416273,11.6685751224307,5.51397746129638,4.41663875678122,2.45689934136587,1.70728622505179,1.797647417792,0.642556816259129,0.357443183740871,0.514710311087539,0.286324395981801,0.198965292930659,0.0496808200094523,0.0179648408633747,0.198723280037809,0.0718593634534987,2.76544726375716,0.549558751025408,-1.8452678873665,0.0142376814050568,17.2465291666583,93.0397892823011,127,4.14836162530229,83.8278827999347,4.44508992027687,1.61185885252745,0,0,0,0,0,1.2339366081538,0.00770488835605858,1.22864737386383,1.23994837671582,-0.781116676746994,-9.00120430811991,9.00102895517537,1.32106359627622,4.09275131220517,96.1038961038961,126,2.89132847592387,35.5519480519481,4.13207547169811,1.02573734672535,26.8435295334614,0.0424340540961049,1.37031428701434,-0.175002074390727,9.04037626896892,0.172767005176839,23,8
