mean_,HRV_sdnn,HRV_rmssd,meanIBI,sum_LF,sum_HF,sum_UHF,LF_energia,HF_energia,UHF_energia,Ratio_LFHF,LFnorm,HFnorm,Rel_power_LF,Rel_power_HF,Rel_power_UHF,sd2,sd1,Lsd2,Tsd1,csi,mcsi,cvi,dfa_bvp,rrate,det,lmax,ent,lam,tt,corDim,nbPeaks,ampPeaks,riseTime,recoveryTime,aup,meanGSR,stdGSR,firstQuartileGSR,thirdQuartileGSR,sp0005,sp0515,sp_energyRatio,dfa,rrate,det,lmax,ent,lam,tt,corDim,mean_,std_,kurtosis_,skewness_,sp0001,sp0102,vol_id,trial_id
-0.179789165413057,0.0405314398837201,0.0122729377086336,0.873452380952381,89.9098745294499,8.29294235898358,1.79718311156649,4.49880777448297,2.11540483488222,0.586220501088971,2.12668880220909,0.680172839940619,0.319827160059381,0.624796828950643,0.293788554442774,0.081414616606583,0.0544729532114695,0.00786606636127615,0.217891812845878,0.0314642654451046,6.92505640171488,1.50891309342961,-2.16394149050296,0.00138869142658458,21.9335360791794,93.4457478005865,118,3.71524442492286,88.3376099706745,6.48506458557589,2.38172280501596,0,0,0,0,0,11.0311282708464,0.00621214263258735,11.0264611892441,11.0360252778133,-0.782459532373414,-8.99818982642233,8.99801384608811,1.92788470135084,6.56890617985934,87.9271070615034,163,2.51379487680309,68.3371298405467,3.75,0.476898679533659,29.9204075564138,0.0627585691345102,1.54799426859499,-0.371746845882607,9.25670676279737,0.377549813740128,20,9
