mean_,HRV_sdnn,HRV_rmssd,meanIBI,sum_LF,sum_HF,sum_UHF,LF_energia,HF_energia,UHF_energia,Ratio_LFHF,LFnorm,HFnorm,Rel_power_LF,Rel_power_HF,Rel_power_UHF,sd2,sd1,Lsd2,Tsd1,csi,mcsi,cvi,dfa_bvp,rrate,det,lmax,ent,lam,tt,corDim,nbPeaks,ampPeaks,riseTime,recoveryTime,aup,meanGSR,stdGSR,firstQuartileGSR,thirdQuartileGSR,sp0005,sp0515,sp_energyRatio,dfa,rrate,det,lmax,ent,lam,tt,corDim,mean_,std_,kurtosis_,skewness_,sp0001,sp0102,vol_id,trial_id
-0.178722118005749,0.0193106239575126,0.00783349451800644,0.802826086956522,88.0656656605354,9.00868396295675,2.92565037650785,4.4780827368968,2.1981889969071,1.07351680691037,2.03716911657622,0.670746026442119,0.329253973557881,0.577832893551967,0.283645029197726,0.138522077250307,0.0261670251167993,0.00566708045344348,0.104668100467197,0.0226683218137739,4.61737314862002,0.483291676614299,-2.62476628787261,0.00835840662479945,20.559474013222,91.9342223612686,243,4.6700277611198,88.8125219975754,4.86535268598361,1.81110380453182,0.05,0.000212835613740436,0.25,0.7,0.00796586535665107,4.49313920143236,0.0312631937292269,4.45953054596603,4.52243170964656,-0.781298492921261,-9.00117747318327,9.00100209400257,1.82445278646159,10.9373060211049,98.2973893303065,179,3.2760381283714,99.205448354143,4.75,1.12987278882508,31.2569048214855,0.00926988302761171,2.4956829268712,-0.88413506748163,9.34467834830128,0.487565079265698,4,8
