mean_,HRV_sdnn,HRV_rmssd,meanIBI,sum_LF,sum_HF,sum_UHF,LF_energia,HF_energia,UHF_energia,Ratio_LFHF,LFnorm,HFnorm,Rel_power_LF,Rel_power_HF,Rel_power_UHF,sd2,sd1,Lsd2,Tsd1,csi,mcsi,cvi,dfa_bvp,rrate,det,lmax,ent,lam,tt,corDim,nbPeaks,ampPeaks,riseTime,recoveryTime,aup,meanGSR,stdGSR,firstQuartileGSR,thirdQuartileGSR,sp0005,sp0515,sp_energyRatio,dfa,rrate,det,lmax,ent,lam,tt,corDim,mean_,std_,kurtosis_,skewness_,sp0001,sp0102,vol_id,trial_id
-0.192086412886593,0.035340015091489,0.00912870929175276,0.7598,82.8689312371437,13.0291923622905,4.10187640056577,4.41726021791696,2.56719240627563,1.41144452769105,1.7206580259114,0.632441861315882,0.367558138684118,0.52612128733925,0.305767490934507,0.168111221726244,0.0465776194934988,0.0055167728436737,0.186310477973995,0.0220670913746948,8.44291052275447,1.57300269498606,-2.38601762666568,0.00855669986816708,19.2621954038468,93.6950850464364,149,4.62345952706973,83.5187310862987,4.80494686918413,1.96734749698802,0,0,0,0,0,1.32017912324266,0.0249368402406017,1.30305421524587,1.32142131579831,-0.781315519328471,-8.98933534485715,8.98915745914183,1.47203127986417,21.3636363636364,98.2370820668693,169,4.40838629247051,93.9817629179331,10.2046204620462,0.69414799478574,31.9391315833742,0.0092417565380929,1.47963859313742,-0.354986687732867,9.38775280351473,0.518359387345174,28,8
