mean_,HRV_sdnn,HRV_rmssd,meanIBI,sum_LF,sum_HF,sum_UHF,LF_energia,HF_energia,UHF_energia,Ratio_LFHF,LFnorm,HFnorm,Rel_power_LF,Rel_power_HF,Rel_power_UHF,sd2,sd1,Lsd2,Tsd1,csi,mcsi,cvi,dfa_bvp,rrate,det,lmax,ent,lam,tt,corDim,nbPeaks,ampPeaks,riseTime,recoveryTime,aup,meanGSR,stdGSR,firstQuartileGSR,thirdQuartileGSR,sp0005,sp0515,sp_energyRatio,dfa,rrate,det,lmax,ent,lam,tt,corDim,mean_,std_,kurtosis_,skewness_,sp0001,sp0102,vol_id,trial_id
-0.193681301097013,0.0247539057110835,0.0105079335107653,0.963815789473684,84.3019811078311,11.4203750256477,4.2776438665212,4.43440536541769,2.43539904306237,1.45340235953743,1.82081264179265,0.645492229726931,0.354507770273069,0.53277606684688,0.292603453325293,0.174620479827827,0.0315464695102651,0.00692808530642278,0.12618587804106,0.0277123412256911,4.55341816894482,0.574577069736419,-2.45631602808443,0.0172606121591119,23.0338309517732,93.4481735518439,177,4.54156935786914,90.7848578459605,6.86330650481594,2.22709574635993,0,0,0,0,0,0.935262699780404,0.00162803010995989,0.93386748119311,0.936368835784882,-0.782927255516005,-9.00965029709249,9.00947580432544,1.02143119599168,1.49350649350649,69.5652173913043,24,2.07290559532006,3.91304347826087,3,0.156009072177822,30.4346957896855,0.0048617625877775,2.70216484434974,-0.963159770791356,9.29101256300134,0.435775906897068,62,9
