mean_,HRV_sdnn,HRV_rmssd,meanIBI,sum_LF,sum_HF,sum_UHF,LF_energia,HF_energia,UHF_energia,Ratio_LFHF,LFnorm,HFnorm,Rel_power_LF,Rel_power_HF,Rel_power_UHF,sd2,sd1,Lsd2,Tsd1,csi,mcsi,cvi,dfa_bvp,rrate,det,lmax,ent,lam,tt,corDim,nbPeaks,ampPeaks,riseTime,recoveryTime,aup,meanGSR,stdGSR,firstQuartileGSR,thirdQuartileGSR,sp0005,sp0515,sp_energyRatio,dfa,rrate,det,lmax,ent,lam,tt,corDim,mean_,std_,kurtosis_,skewness_,sp0001,sp0102,vol_id,trial_id
-0.18324482738096,0.0237350914747274,0.0142071138153085,0.804728088336784,77.8570479663006,17.5836485945396,4.55930343915978,4.35487442682573,2.86696941307461,1.5171698572879,1.51898182344242,0.603014205702601,0.396985794297398,0.498325620913822,0.328065558931101,0.173608820155076,0.031656232356286,0.0101219067293066,0.126624929425144,0.0404876269172265,3.12749694330117,0.396019079722863,-2.29015846127679,0.00481272269140346,28.9284687730526,92.0566981656476,185,3.6493988190174,88.4956920511395,6.96391273443053,2.26779534058041,0,0,0,0,0,0.632814976679503,0.00267052293059945,0.631120317399544,0.635124893655944,-0.783309982805976,-8.986234540749,8.98605632287873,1.29796028135005,2.16426939104718,79.5031055900621,11,2.78555463209888,13.0434782608696,3.5,0.188473018904964,30.0217883786582,0.00958207072833047,2.02474323365706,-0.234160113869939,9.26384539460058,0.388264474520678,11,8
