mean_,HRV_sdnn,HRV_rmssd,meanIBI,sum_LF,sum_HF,sum_UHF,LF_energia,HF_energia,UHF_energia,Ratio_LFHF,LFnorm,HFnorm,Rel_power_LF,Rel_power_HF,Rel_power_UHF,sd2,sd1,Lsd2,Tsd1,csi,mcsi,cvi,dfa_bvp,rrate,det,lmax,ent,lam,tt,corDim,nbPeaks,ampPeaks,riseTime,recoveryTime,aup,meanGSR,stdGSR,firstQuartileGSR,thirdQuartileGSR,sp0005,sp0515,sp_energyRatio,dfa,rrate,det,lmax,ent,lam,tt,corDim,mean_,std_,kurtosis_,skewness_,sp0001,sp0102,vol_id,trial_id
-0.187673913603154,0.0114309521329882,0.0073243315963529,0.7509,84.5354916175439,11.3368339877017,4.12767439475434,4.43717146532231,2.42805706952185,1.41771414782855,1.82745764958321,0.6463253834598,0.3536746165402,0.535699887746965,0.293139426716204,0.171160685536832,0.0155921756669487,0.00528833485203485,0.0623687026677948,0.0211533394081394,2.9484093014551,0.183888463065414,-2.87965435185491,0.01083351454455,17.3329608062665,89.9550051025141,137,4.08630776550644,83.9943408479451,4.77486980025051,2.03096526340368,0,0,0,0,0,1.48715862041495,0.00305254806358222,1.48495562691711,1.48914084884549,-0.782664462360323,-9.00539104876235,9.00521619179936,1.23157438856441,0.831168831168831,68.75,6,1.84643934467102,0,0,1.47132048501938,29.9776393085134,0.0385533913215883,1.74335577784569,-0.428745099691855,9.2614537435083,0.386811617266409,44,9
