mean_,HRV_sdnn,HRV_rmssd,meanIBI,sum_LF,sum_HF,sum_UHF,LF_energia,HF_energia,UHF_energia,Ratio_LFHF,LFnorm,HFnorm,Rel_power_LF,Rel_power_HF,Rel_power_UHF,sd2,sd1,Lsd2,Tsd1,csi,mcsi,cvi,dfa_bvp,rrate,det,lmax,ent,lam,tt,corDim,nbPeaks,ampPeaks,riseTime,recoveryTime,aup,meanGSR,stdGSR,firstQuartileGSR,thirdQuartileGSR,sp0005,sp0515,sp_energyRatio,dfa,rrate,det,lmax,ent,lam,tt,corDim,mean_,std_,kurtosis_,skewness_,sp0001,sp0102,vol_id,trial_id
-0.187394471046603,0.0833352940945796,0.0639852924277042,1.00777777777778,85.9753818978028,10.7172535556788,3.30736454651836,4.45406099827186,2.37185492465401,1.19615166273476,1.87788087373075,0.652522100852755,0.347477899147245,0.555226062447224,0.29566628544662,0.149107652106156,0.109414383665683,0.0466349244287003,0.43765753466273,0.186539697714801,2.34618979243689,1.02682764040879,-1.08809432170859,0.0052173117203792,23.1857898344332,92.7108799306459,161,4.94196955671403,92.3459037711313,6.9358640447975,2.08061969882127,0,0,0,0,0,3.03709870949868,0.0369758921391367,3.00031202218044,3.06937088995268,-0.781920011989187,-8.99350757532368,8.99333105791764,2.00051244425471,12.5796855078623,98.8416988416988,181,3.88222485283134,99.3725868725869,5.76750700280112,0.859013454453,31.77910144565,0.0105609498793195,1.96029981546586,0.741153005077915,9.37688436997888,0.524715632420907,35,8
