mean_,HRV_sdnn,HRV_rmssd,meanIBI,sum_LF,sum_HF,sum_UHF,LF_energia,HF_energia,UHF_energia,Ratio_LFHF,LFnorm,HFnorm,Rel_power_LF,Rel_power_HF,Rel_power_UHF,sd2,sd1,Lsd2,Tsd1,csi,mcsi,cvi,dfa_bvp,rrate,det,lmax,ent,lam,tt,corDim,nbPeaks,ampPeaks,riseTime,recoveryTime,aup,meanGSR,stdGSR,firstQuartileGSR,thirdQuartileGSR,sp0005,sp0515,sp_energyRatio,dfa,rrate,det,lmax,ent,lam,tt,corDim,mean_,std_,kurtosis_,skewness_,sp0001,sp0102,vol_id,trial_id
-0.181442235200235,0.0267099216288613,0.00879664438186247,0.840909090909091,86.5984392969743,10.0599374196831,3.34162328334258,4.4612817934311,2.3085609439448,1.20645670189938,1.93249470200592,0.658993416316841,0.341006583683159,0.559317240707359,0.289427567447813,0.151255191844828,0.035890043718213,0.00582482372510719,0.143560174872852,0.0232992949004287,6.16156735585205,0.884555687096977,-2.47562324301643,0.0116754765612222,19.8270161184958,92.0133819951338,241,3.77953688922455,85.7177615571776,5.64357228674409,2.05669311396334,0,0,0,0,0,2.82186858206648,0.00288579826538148,2.81962555625239,2.82357044977289,-0.782210311366058,-8.99100445563131,8.99082741621989,1.17026971858273,1.76033475218238,55.7377049180328,10,2.17355726227519,12.7049180327869,3.44444444444444,0.252245914967215,29.4815816305652,0.0244719797845338,3.45014903253256,-1.13890845299529,9.22760622881573,0.378780901930501,104,9
