mean_,HRV_sdnn,HRV_rmssd,meanIBI,sum_LF,sum_HF,sum_UHF,LF_energia,HF_energia,UHF_energia,Ratio_LFHF,LFnorm,HFnorm,Rel_power_LF,Rel_power_HF,Rel_power_UHF,sd2,sd1,Lsd2,Tsd1,csi,mcsi,cvi,dfa_bvp,rrate,det,lmax,ent,lam,tt,corDim,nbPeaks,ampPeaks,riseTime,recoveryTime,aup,meanGSR,stdGSR,firstQuartileGSR,thirdQuartileGSR,sp0005,sp0515,sp_energyRatio,dfa,rrate,det,lmax,ent,lam,tt,corDim,mean_,std_,kurtosis_,skewness_,sp0001,sp0102,vol_id,trial_id
-0.179537603874356,0.018292339483906,0.00926258357832488,0.782717391304348,78.6742237986573,15.0408256004973,6.2849506008454,4.3653155769807,2.71076821066518,1.83815798216174,1.61036106289203,0.616911233386198,0.383088766613802,0.489701276867534,0.304094086818074,0.206204636314392,0.024093971870978,0.00649883439432396,0.0963758874839119,0.0259953375772958,3.70742973417225,0.357306830915094,-2.60113614810718,0.00717276094850311,18.5100391354424,92.6374771957258,106,4.41162938375497,84.9784988272088,4.65692692216139,2.31926806087051,0.05,6.66110268179754e-05,0.3,1.7,0.0371962857476646,5.4697220642034,0.10628075918511,5.37617418663568,5.56127642204233,-0.782188233681075,-8.99852652156064,8.99835059839572,1.99664012853166,12.2656169066611,99.5777027027027,196,3.85216872360328,99.7466216216216,6.08762886597938,1.21119202684849,29.0163794882354,0.0328872791204642,2.50123113732103,0.812180000868533,9.19448425653346,0.34761882544854,37,8
