mean_,HRV_sdnn,HRV_rmssd,meanIBI,sum_LF,sum_HF,sum_UHF,LF_energia,HF_energia,UHF_energia,Ratio_LFHF,LFnorm,HFnorm,Rel_power_LF,Rel_power_HF,Rel_power_UHF,sd2,sd1,Lsd2,Tsd1,csi,mcsi,cvi,dfa_bvp,rrate,det,lmax,ent,lam,tt,corDim,nbPeaks,ampPeaks,riseTime,recoveryTime,aup,meanGSR,stdGSR,firstQuartileGSR,thirdQuartileGSR,sp0005,sp0515,sp_energyRatio,dfa,rrate,det,lmax,ent,lam,tt,corDim,mean_,std_,kurtosis_,skewness_,sp0001,sp0102,vol_id,trial_id
-0.176061137980324,0.021803182975859,0.0110733485278414,0.849545454545455,90.339781916913,6.44363892308108,3.21657916000594,4.50357791619779,1.8630934307034,1.16831842216951,2.41725822332887,0.707367739091761,0.292632260908239,0.597688657081378,0.247258919760043,0.155052423158579,0.0293784825696501,0.00797690117658179,0.1175139302786,0.0319076047063272,3.68294428115745,0.432797257475907,-2.42601644534806,0.00851272815198936,18.052152449332,91.9296292172364,136,4.58722179049834,88.0648034740007,4.59911612490551,1.93742642376658,0,0,0,0,0,1.3959825329536,0.00265389603118363,1.3937232500467,1.39782407189891,-0.782233497544327,-8.99850107374432,8.998325189859,1.46330145655802,1.41304347826087,74.7252747252747,9,2.68872187554087,3.2967032967033,3,0.252386414202277,29.8859569718117,0.00455890392096037,3.66521718653992,-0.774132101577244,9.25445762920516,0.400329060020876,41,9
