mean_,HRV_sdnn,HRV_rmssd,meanIBI,sum_LF,sum_HF,sum_UHF,LF_energia,HF_energia,UHF_energia,Ratio_LFHF,LFnorm,HFnorm,Rel_power_LF,Rel_power_HF,Rel_power_UHF,sd2,sd1,Lsd2,Tsd1,csi,mcsi,cvi,dfa_bvp,rrate,det,lmax,ent,lam,tt,corDim,nbPeaks,ampPeaks,riseTime,recoveryTime,aup,meanGSR,stdGSR,firstQuartileGSR,thirdQuartileGSR,sp0005,sp0515,sp_energyRatio,dfa,rrate,det,lmax,ent,lam,tt,corDim,mean_,std_,kurtosis_,skewness_,sp0001,sp0102,vol_id,trial_id
-0.180147345513176,0.0205743425515512,0.01802775637732,0.917857142857143,56.6603440182287,39.153096861067,4.18655912070436,4.03707456600817,3.6674795217622,1.43187918431216,1.10077630755751,0.523985492218987,0.476014507781012,0.441865490151823,0.401412609553952,0.156721900294225,0.0257716439440511,0.013016942401105,0.103086575776204,0.0520677696044199,1.97985388195798,0.204096357228274,-2.2702289116193,0.00587335687306307,21.4503229126257,94.9248472581431,132,4.03848824227422,89.9115409123281,6.25937765020549,2.31290294527018,0,0,0,0,0,2.8375753484733,0.00741158957700732,2.83089505651295,2.84396450855211,-0.783757632005353,-8.99317271542776,8.99299576056393,1.68835965217143,5.66241350853806,89.0134529147982,124,3.09649487882833,58.6322869955157,3.78985507246377,0.356097441309105,30.3954700506735,0.0234171961918658,2.82621030916199,0.438981502701947,9.2880996670932,0.484293926029281,38,9
