mean_,HRV_sdnn,HRV_rmssd,meanIBI,sum_LF,sum_HF,sum_UHF,LF_energia,HF_energia,UHF_energia,Ratio_LFHF,LFnorm,HFnorm,Rel_power_LF,Rel_power_HF,Rel_power_UHF,sd2,sd1,Lsd2,Tsd1,csi,mcsi,cvi,dfa_bvp,rrate,det,lmax,ent,lam,tt,corDim,nbPeaks,ampPeaks,riseTime,recoveryTime,aup,meanGSR,stdGSR,firstQuartileGSR,thirdQuartileGSR,sp0005,sp0515,sp_energyRatio,dfa,rrate,det,lmax,ent,lam,tt,corDim,mean_,std_,kurtosis_,skewness_,sp0001,sp0102,vol_id,trial_id
-0.182114161015999,0.0320335744458044,0.0159798980865693,0.804431818181818,89.7536070670612,7.74590889944655,2.50048403349219,4.49706821672303,2.04716482004309,0.916484326530375,2.19672992261969,0.68718032983515,0.31281967016485,0.60276619495689,0.274392490742815,0.122841314300295,0.0437547616456388,0.0114739612041476,0.175019046582555,0.0458958448165906,3.8133963386439,0.667416991430862,-2.09514131787354,0.0170270050280928,18.0573785484711,90.896745180106,147,4.28196626590325,86.8015049646022,4.81084582639274,1.90936221990549,0,0,0,0,0,0.356484983682315,0.0158030176178042,0.339563289497773,0.370877577201738,-0.77606208224651,-8.79975197838165,8.79954858079526,1.82876407064207,10.2567549401801,92.9226736566186,72,3.67279136063002,87.3525557011796,6.14285714285714,0.512659002201162,30.5242718024955,0.00694426488943196,3.319071466966,0.0665623980398244,9.29696719165701,0.439905306998461,42,8
