mean_,HRV_sdnn,HRV_rmssd,meanIBI,sum_LF,sum_HF,sum_UHF,LF_energia,HF_energia,UHF_energia,Ratio_LFHF,LFnorm,HFnorm,Rel_power_LF,Rel_power_HF,Rel_power_UHF,sd2,sd1,Lsd2,Tsd1,csi,mcsi,cvi,dfa_bvp,rrate,det,lmax,ent,lam,tt,corDim,nbPeaks,ampPeaks,riseTime,recoveryTime,aup,meanGSR,stdGSR,firstQuartileGSR,thirdQuartileGSR,sp0005,sp0515,sp_energyRatio,dfa,rrate,det,lmax,ent,lam,tt,corDim,mean_,std_,kurtosis_,skewness_,sp0001,sp0102,vol_id,trial_id
-0.183206850760495,0.014295067622552,0.00880340843082951,1.11703125,73.2564624159881,24.086682232245,2.65685535176692,4.29396646811471,3.18165908328333,0.977143224861764,1.34959980177497,0.574395605905072,0.425604394094928,0.507995259514802,0.37640436731444,0.115600373170758,0.0172231502566141,0.00640172967698128,0.0688926010264562,0.0256069187079251,2.69039011730586,0.185347972957073,-2.75347009547499,0.0140526335674067,23.431818501597,94.7089402439652,150,4.97305425736706,93.3844596565272,7.58091922005571,2.19156899013916,0,0,0,0,0,1.52696245502084,0.00235853320106164,1.52525239702617,1.52879718480353,-0.781635217974146,-8.9944526298948,8.99427629024654,1.06592596521263,0.997861724875267,66.6666666666667,7,2.22957395851362,8.33333333333333,3.5,0.173400400003115,29.1234914955149,0.0580216294660938,2.04694733621943,-0.551891785693676,9.2033452008083,0.346911549800881,54,8
