mean_,HRV_sdnn,HRV_rmssd,meanIBI,sum_LF,sum_HF,sum_UHF,LF_energia,HF_energia,UHF_energia,Ratio_LFHF,LFnorm,HFnorm,Rel_power_LF,Rel_power_HF,Rel_power_UHF,sd2,sd1,Lsd2,Tsd1,csi,mcsi,cvi,dfa_bvp,rrate,det,lmax,ent,lam,tt,corDim,nbPeaks,ampPeaks,riseTime,recoveryTime,aup,meanGSR,stdGSR,firstQuartileGSR,thirdQuartileGSR,sp0005,sp0515,sp_energyRatio,dfa,rrate,det,lmax,ent,lam,tt,corDim,mean_,std_,kurtosis_,skewness_,sp0001,sp0102,vol_id,trial_id
-0.18678600626864,0.0831900729371848,0.0326298311726086,0.971666666666667,92.0157169210553,6.62928252714483,1.35500055179985,4.52195939855664,1.89149658222507,0.30380186156394,2.39067806997421,0.705073740602096,0.294926259397904,0.673185324233078,0.281587610096051,0.045227065670871,0.11449938992902,0.0224959146617911,0.457997559716078,0.0899836586471645,5.08978593004242,2.33110953543666,-1.38497318880458,0.0166715340050967,22.7632798194182,93.2749364227183,162,4.82191255101371,92.4475487425827,6.39632209188661,2.0972448371441,0.15,0.00548588103619728,0.533333333333333,0.866666666666667,0.346403391502659,7.43493290347023,0.241144761823288,7.2207359963311,7.61956037253359,-0.783235696874463,-8.97758166191459,8.97740132501896,1.71290111594477,11.6477768090671,98.7025948103792,185,4.42651331957862,88.373253493014,6.17073170731707,1.05354302540969,31.5985407364985,0.00738222182180792,2.31574395363305,0.537031101386913,9.36557117777333,0.513061494769388,35,9
