mean_,HRV_sdnn,HRV_rmssd,meanIBI,sum_LF,sum_HF,sum_UHF,LF_energia,HF_energia,UHF_energia,Ratio_LFHF,LFnorm,HFnorm,Rel_power_LF,Rel_power_HF,Rel_power_UHF,sd2,sd1,Lsd2,Tsd1,csi,mcsi,cvi,dfa_bvp,rrate,det,lmax,ent,lam,tt,corDim,nbPeaks,ampPeaks,riseTime,recoveryTime,aup,meanGSR,stdGSR,firstQuartileGSR,thirdQuartileGSR,sp0005,sp0515,sp_energyRatio,dfa,rrate,det,lmax,ent,lam,tt,corDim,mean_,std_,kurtosis_,skewness_,sp0001,sp0102,vol_id,trial_id
-0.181413873345828,0.0180056057889435,0.00751981509397794,0.843522727272727,85.6747205046676,10.5030307096301,3.82224878570231,4.45055780548126,2.35166385452764,1.34083893676668,1.89251444117434,0.654280032014634,0.345719967985366,0.546546074733075,0.288793608567623,0.164660316699303,0.0236684062070294,0.00516829851341902,0.0946736248281177,0.0206731940536761,4.57953544006341,0.433561220139632,-2.70836341320239,0.000621207111516401,20.8493215116291,92.2121743825078,281,4.66368036180145,90.0217881726857,5.11117193059281,1.84005516534876,0.05,4.41364827524993e-05,0.2,1.4,0.00881899139151825,4.17116962707078,0.0277390223680385,4.14735998905864,4.19307753252538,-0.78283853212409,-8.99276004028843,8.99258311405291,1.97398153536272,12.297410192147,98.6413043478261,189,4.05323591312729,98.9130434782609,6.03314917127072,1.22796543192955,31.0997933649,0.00191452799615819,2.55044712951704,-0.397288891921605,9.33415993724471,0.474352221371915,4,9
