mean_,HRV_sdnn,HRV_rmssd,meanIBI,sum_LF,sum_HF,sum_UHF,LF_energia,HF_energia,UHF_energia,Ratio_LFHF,LFnorm,HFnorm,Rel_power_LF,Rel_power_HF,Rel_power_UHF,sd2,sd1,Lsd2,Tsd1,csi,mcsi,cvi,dfa_bvp,rrate,det,lmax,ent,lam,tt,corDim,nbPeaks,ampPeaks,riseTime,recoveryTime,aup,meanGSR,stdGSR,firstQuartileGSR,thirdQuartileGSR,sp0005,sp0515,sp_energyRatio,dfa,rrate,det,lmax,ent,lam,tt,corDim,mean_,std_,kurtosis_,skewness_,sp0001,sp0102,vol_id,trial_id
-0.192432738784145,0.0465179176948697,0.0221147575161927,0.7517,92.2041377037354,4.68617049950282,3.10969179676179,4.52400500703645,1.54461572429412,1.13452362056066,2.92888705966262,0.745474994619501,0.254525005380499,0.628059745303958,0.21443631403674,0.157503940659302,0.0637865766056815,0.0157424930349841,0.255146306422726,0.0629699721399364,4.05187262677712,1.03382033481753,-1.7940772131128,0.0163101630794857,18.6905405595544,85.1353967263889,94,3.2032215347269,74.2918288774654,5.41599372794982,2.41210229296959,0,0,0,0,0,1.20298906151868,0.00241767894290894,1.2012733157081,1.20448376438163,-0.782797076802439,-8.99112156398986,8.99094454081317,0.617594567161548,0.591477349106063,27.2727272727273,5,1.58496250072116,3.40909090909091,3,0.15470590806378,31.1796698559705,0.0204886692024157,2.27680583869252,-0.0850007060710304,9.33930357312578,0.476492526309279,47,9
