mean_,HRV_sdnn,HRV_rmssd,meanIBI,sum_LF,sum_HF,sum_UHF,LF_energia,HF_energia,UHF_energia,Ratio_LFHF,LFnorm,HFnorm,Rel_power_LF,Rel_power_HF,Rel_power_UHF,sd2,sd1,Lsd2,Tsd1,csi,mcsi,cvi,dfa_bvp,rrate,det,lmax,ent,lam,tt,corDim,nbPeaks,ampPeaks,riseTime,recoveryTime,aup,meanGSR,stdGSR,firstQuartileGSR,thirdQuartileGSR,sp0005,sp0515,sp_energyRatio,dfa,rrate,det,lmax,ent,lam,tt,corDim,mean_,std_,kurtosis_,skewness_,sp0001,sp0102,vol_id,trial_id
-0.189299544304361,0.00706095079601825,0.00411239160414988,0.993194444444444,77.2522358564785,18.2934102132446,4.45435393027693,4.34707585848495,2.90654089735974,1.49388202914398,1.49561833533248,0.599297702760797,0.400702297239203,0.496950724468214,0.332271083289268,0.170778192242517,0.00885052549121169,0.00287212132096696,0.0354021019648468,0.0114884852838678,3.08152912155952,0.109092608169095,-3.39070817913059,0.0130737730383704,22.4561459930895,92.8839957035446,179,4.74645645558875,91.7096312209094,6.49125696908261,2.26923195245927,0,0,0,0,0,1.0424463132541,0.00709670018488598,1.03587168081143,1.04570686231105,-0.782780043996309,-8.99201398042679,8.99183661874388,1.64068489058425,5.34562211981567,91.2225705329154,154,2.47283226734269,46.3949843260188,4.28985507246377,0.278072913403848,30.4572135715879,0.00135733290630679,3.70694842150411,0.0744923741932414,9.29233913667379,0.435289240561478,62,8
