mean_,HRV_sdnn,HRV_rmssd,meanIBI,sum_LF,sum_HF,sum_UHF,LF_energia,HF_energia,UHF_energia,Ratio_LFHF,LFnorm,HFnorm,Rel_power_LF,Rel_power_HF,Rel_power_UHF,sd2,sd1,Lsd2,Tsd1,csi,mcsi,cvi,dfa_bvp,rrate,det,lmax,ent,lam,tt,corDim,nbPeaks,ampPeaks,riseTime,recoveryTime,aup,meanGSR,stdGSR,firstQuartileGSR,thirdQuartileGSR,sp0005,sp0515,sp_energyRatio,dfa,rrate,det,lmax,ent,lam,tt,corDim,mean_,std_,kurtosis_,skewness_,sp0001,sp0102,vol_id,trial_id
-0.178739043271427,0.0268287674620501,0.0215950492901996,0.675925925925926,56.0392049477083,34.0773231007704,9.88347195152124,4.02605153413955,3.52863215136349,2.2908638621263,1.14096662996846,0.53292125808858,0.46707874191142,0.408921039146163,0.358398772063534,0.232680188790303,0.0348416748692181,0.0155223164409281,0.139366699476872,0.0620892657637124,2.24461825667657,0.312825038018545,-2.06282446079685,0.00704964413243589,16.6805024291311,92.2059142505965,128,3.99576308096859,76.8021111994794,4.1244418559503,2.59771225590272,0,0,0,0,0,1.28618453066984,0.00523488023508151,1.28219538546482,1.28920286496301,-0.780672355117285,-8.99188087053795,8.99170423897765,1.32083149130026,3.77633416307449,85.2090032154341,72,2.60934075828691,50.6430868167203,3.75,0.372775530500082,26.6640415868903,0.0327694385725227,2.05577089927738,-0.784813957547134,9.02838897341614,0.123455455635609,23,9
