mean_,HRV_sdnn,HRV_rmssd,meanIBI,sum_LF,sum_HF,sum_UHF,LF_energia,HF_energia,UHF_energia,Ratio_LFHF,LFnorm,HFnorm,Rel_power_LF,Rel_power_HF,Rel_power_UHF,sd2,sd1,Lsd2,Tsd1,csi,mcsi,cvi,dfa_bvp,rrate,det,lmax,ent,lam,tt,corDim,nbPeaks,ampPeaks,riseTime,recoveryTime,aup,meanGSR,stdGSR,firstQuartileGSR,thirdQuartileGSR,sp0005,sp0515,sp_energyRatio,dfa,rrate,det,lmax,ent,lam,tt,corDim,mean_,std_,kurtosis_,skewness_,sp0001,sp0102,vol_id,trial_id
-0.186203558801118,0.0334159393104548,0.0150173510757834,0.7273,85.933467457539,11.8840551768524,2.1824773656086,4.45357336262946,2.47519760054249,0.780460637822677,1.79927992886441,0.64276527342313,0.35723472657687,0.577693548868719,0.321069300891563,0.101237150239718,0.0458916789369508,0.0106958951898868,0.183566715747803,0.0427835807595472,4.29058794259151,0.787609137248646,-2.10492893220987,0.0147399247206282,18.3206935435565,93.4281263028548,128,4.4815209942333,81.9651986922081,4.66109308709758,2.24960754452351,0,0,0,0,0,1.28763112013456,0.0222392152000397,1.26696041757784,1.30665779868739,-0.779380187367468,-9.01981065356831,9.01963847827237,1.97274493687072,10.8431333466215,98.6519607843137,173,3.92513600575953,89.093137254902,5.59230769230769,1.0531753802065,31.8988231213013,0.0106059846101531,1.53335538736346,-0.144372035838803,9.38417277958152,0.538916237732784,28,9
