mean_,HRV_sdnn,HRV_rmssd,meanIBI,sum_LF,sum_HF,sum_UHF,LF_energia,HF_energia,UHF_energia,Ratio_LFHF,LFnorm,HFnorm,Rel_power_LF,Rel_power_HF,Rel_power_UHF,sd2,sd1,Lsd2,Tsd1,csi,mcsi,cvi,dfa_bvp,rrate,det,lmax,ent,lam,tt,corDim,nbPeaks,ampPeaks,riseTime,recoveryTime,aup,meanGSR,stdGSR,firstQuartileGSR,thirdQuartileGSR,sp0005,sp0515,sp_energyRatio,dfa,rrate,det,lmax,ent,lam,tt,corDim,mean_,std_,kurtosis_,skewness_,sp0001,sp0102,vol_id,trial_id
-0.181513429694809,0.0165288418946727,0.0118817705157201,1.05305555555556,85.9957747885243,11.9928155734092,2.01140963806643,4.45429816468058,2.48430776827836,0.698835788737173,1.79297356855565,0.64195865966711,0.35804134033289,0.583218612592093,0.325280094932973,0.0915012924749331,0.0221365664349604,0.00865760036717145,0.0885462657398414,0.0346304014686858,2.5568940002012,0.226403415610421,-2.51337222324647,0.0131057420126666,26.3680822025194,92.9868427070787,255,4.9592716395863,92.4433230168773,7.63562523611636,1.97893350630021,0,0,0,0,0,1.24144640161757,0.00129976179180402,1.24028755225895,1.24236255946914,-0.782590430408432,-9.00063127631026,9.00045569434492,1.21427789348623,0.75324838365451,28.3333333333333,5,0.721928094887362,18.3333333333333,3.66666666666667,0.165650203863712,29.901623963906,0.00235948456848644,2.28049371292143,-0.0990844211101313,9.25541566606634,0.397237697273287,46,8
