mean_,HRV_sdnn,HRV_rmssd,meanIBI,sum_LF,sum_HF,sum_UHF,LF_energia,HF_energia,UHF_energia,Ratio_LFHF,LFnorm,HFnorm,Rel_power_LF,Rel_power_HF,Rel_power_UHF,sd2,sd1,Lsd2,Tsd1,csi,mcsi,cvi,dfa_bvp,rrate,det,lmax,ent,lam,tt,corDim,nbPeaks,ampPeaks,riseTime,recoveryTime,aup,meanGSR,stdGSR,firstQuartileGSR,thirdQuartileGSR,sp0005,sp0515,sp_energyRatio,dfa,rrate,det,lmax,ent,lam,tt,corDim,mean_,std_,kurtosis_,skewness_,sp0001,sp0102,vol_id,trial_id
-0.179889561547219,0.039893242506981,0.0259529900456131,0.703981481481482,69.4149622947518,25.1678222470752,5.41721545817299,4.24010243930073,3.22556628363504,1.6895819303306,1.31452962563906,0.567946770297272,0.432053229702728,0.463133408345076,0.352318730070403,0.184547861584521,0.0524602413554963,0.0186820563849173,0.209840965421985,0.0747282255396693,2.8080549739615,0.589244966694088,-1.80462505450899,-0.00629645828956377,15.7241262866757,89.1701181162755,72,3.62353171424034,76.7973104259344,4.47934685356397,2.32312147521038,0,0,0,0,0,1.61319236144888,0.0294107787569275,1.5867979126889,1.63168987883892,-0.781791067820054,-8.98686828760805,8.98668994429241,1.80720265800726,15.0203387772449,98.8682295877122,181,4.65534071324167,92.1988682295877,8.4169741697417,0.840107897119241,29.5217958037094,0.0202335851469911,2.25471153715519,-0.229809698742171,9.2300136251231,0.398564660913286,49,8
