mean_,HRV_sdnn,HRV_rmssd,meanIBI,sum_LF,sum_HF,sum_UHF,LF_energia,HF_energia,UHF_energia,Ratio_LFHF,LFnorm,HFnorm,Rel_power_LF,Rel_power_HF,Rel_power_UHF,sd2,sd1,Lsd2,Tsd1,csi,mcsi,cvi,dfa_bvp,rrate,det,lmax,ent,lam,tt,corDim,nbPeaks,ampPeaks,riseTime,recoveryTime,aup,meanGSR,stdGSR,firstQuartileGSR,thirdQuartileGSR,sp0005,sp0515,sp_energyRatio,dfa,rrate,det,lmax,ent,lam,tt,corDim,mean_,std_,kurtosis_,skewness_,sp0001,sp0102,vol_id,trial_id
-0.189149770084631,0.0377624151769984,0.0206028921917935,0.7327,83.3295788182656,10.9934605648004,5.676960616934,4.42280357399835,2.39730060190762,1.73641598686208,1.84490988342428,0.64849501707367,0.35150498292633,0.516892789342481,0.280172378058429,0.20293483259909,0.0494230755674991,0.0145742725475358,0.197692302269996,0.058297090190143,3.39111783495881,0.670397892061852,-1.93836336273046,0.0123188412505096,22.0436861687266,91.4177335229967,104,3.83577118428067,84.2570303096619,5.79692597239649,2.3321592014186,0,0,0,0,0,0.646070709508616,0.00167652283228483,0.644818154591468,0.647043442154076,-0.78322948345389,-8.98495353636474,8.98477520647357,0.750001783867534,0.961038961038961,44.5945945945946,6,1.90563906222957,22.2972972972973,3.3,0.338980212467351,30.0168667095679,0.0158766362393664,2.48109856859045,0.288627602272949,9.26216519507131,0.414042167985811,11,9
