mean_,HRV_sdnn,HRV_rmssd,meanIBI,sum_LF,sum_HF,sum_UHF,LF_energia,HF_energia,UHF_energia,Ratio_LFHF,LFnorm,HFnorm,Rel_power_LF,Rel_power_HF,Rel_power_UHF,sd2,sd1,Lsd2,Tsd1,csi,mcsi,cvi,dfa_bvp,rrate,det,lmax,ent,lam,tt,corDim,nbPeaks,ampPeaks,riseTime,recoveryTime,aup,meanGSR,stdGSR,firstQuartileGSR,thirdQuartileGSR,sp0005,sp0515,sp_energyRatio,dfa,rrate,det,lmax,ent,lam,tt,corDim,mean_,std_,kurtosis_,skewness_,sp0001,sp0102,vol_id,trial_id
-0.185562501730984,0.0157248620417441,0.00810930758851935,0.766354166666667,91.2911213420521,6.45682669276482,2.25205196518303,4.51405353579712,1.86513797307425,0.811841785136896,2.42022499191132,0.707621573912548,0.292378426087452,0.62773364428146,0.259369953776786,0.112896401941755,0.0219405075047324,0.00586301969977929,0.0877620300189295,0.0234520787991172,3.74218553377167,0.328421799151273,-2.68651199492708,0.0250755686460742,18.8179769770233,91.3480025635548,209,3.82691199602936,85.046998504593,5.48165232358003,2.44650046468256,0.1,0.000155619242244764,0.25,1.25,0.0248960486513794,3.22658192932433,0.0283193773032854,3.20521409037398,3.26565561156898,-0.785738312260453,-8.99107480354591,8.99089726052784,1.62765186141012,11.2105630673523,95.356738391846,107,3.7691478479319,94.167610419026,5.22955974842767,1.0094570572502,33.4284453974507,0.00756867776021219,2.34399053362067,-0.113183883604162,9.47858458796649,0.619819687458349,95,9
