mean_,HRV_sdnn,HRV_rmssd,meanIBI,sum_LF,sum_HF,sum_UHF,LF_energia,HF_energia,UHF_energia,Ratio_LFHF,LFnorm,HFnorm,Rel_power_LF,Rel_power_HF,Rel_power_UHF,sd2,sd1,Lsd2,Tsd1,csi,mcsi,cvi,dfa_bvp,rrate,det,lmax,ent,lam,tt,corDim,nbPeaks,ampPeaks,riseTime,recoveryTime,aup,meanGSR,stdGSR,firstQuartileGSR,thirdQuartileGSR,sp0005,sp0515,sp_energyRatio,dfa,rrate,det,lmax,ent,lam,tt,corDim,mean_,std_,kurtosis_,skewness_,sp0001,sp0102,vol_id,trial_id
-0.177870859607438,0.0114351621611409,0.0103942805966263,1.39793440625802,82.5082589625399,17.4917410374601,0,4.41289839696695,2.86172882881383,0,1.54203932690438,0.606615055315541,0.393384944684459,0.606615055315541,0.393384944684459,0,0.014490201681491,0.00758472461211261,0.0579608067259641,0.0303388984484504,1.91044532564183,0.110730952280047,-2.75486577016725,0.0106505695276733,38.8359467179092,94.1535117229957,243,5.47014388312149,95.1053258112934,15.0112735887591,1.79631095592916,0,0,0,0,0,0.489312901855447,0.00127286971829121,0.488492993766557,0.489843554710691,-0.782255245318993,-8.97789907438046,8.9777199563158,1.13794840581367,0.727272727272727,5.35714285714286,3,-0,0,0,0.105138839473659,27.8366327402076,0.0173374331365527,1.60314646243848,-0.0113804947183472,9.11355327693627,0.25471063148528,56,8
