mean_,HRV_sdnn,HRV_rmssd,meanIBI,sum_LF,sum_HF,sum_UHF,LF_energia,HF_energia,UHF_energia,Ratio_LFHF,LFnorm,HFnorm,Rel_power_LF,Rel_power_HF,Rel_power_UHF,sd2,sd1,Lsd2,Tsd1,csi,mcsi,cvi,dfa_bvp,rrate,det,lmax,ent,lam,tt,corDim,nbPeaks,ampPeaks,riseTime,recoveryTime,aup,meanGSR,stdGSR,firstQuartileGSR,thirdQuartileGSR,sp0005,sp0515,sp_energyRatio,dfa,rrate,det,lmax,ent,lam,tt,corDim,mean_,std_,kurtosis_,skewness_,sp0001,sp0102,vol_id,trial_id
-0.176654787582305,0.0257038421252544,0.0234964536331195,0.7818,58.0691128156713,29.3580154973511,12.5728716869777,4.0616339014245,3.3795656094098,2.53154145211697,1.20182129032075,0.545830533842133,0.454169466157868,0.407273578699524,0.338880316050009,0.253846105250467,0.0311200195363376,0.0168210692158738,0.12448007814535,0.0672842768634952,1.85006191562247,0.230295851830421,-2.07698655851691,-0.00723032535411394,18.8694339531621,92.6307043333759,80,3.78559697318481,84.9077506497933,5.31599306389222,2.45652751357559,0,0,0,0,0,1.8004838057398,0.00672922104297036,1.7966659156441,1.80638505433959,-0.783193599102841,-9.0052618263029,9.00508705135622,1.68353296726346,4.56605088881143,84.3511450381679,109,2.65282575549396,34.1603053435115,3.50980392156863,1.04294314632062,29.568085438955,0.0361731857563578,1.56272947366954,0.171759168219247,9.23255049804401,0.376230455370028,49,9
