mean_,HRV_sdnn,HRV_rmssd,meanIBI,sum_LF,sum_HF,sum_UHF,LF_energia,HF_energia,UHF_energia,Ratio_LFHF,LFnorm,HFnorm,Rel_power_LF,Rel_power_HF,Rel_power_UHF,sd2,sd1,Lsd2,Tsd1,csi,mcsi,cvi,dfa_bvp,rrate,det,lmax,ent,lam,tt,corDim,nbPeaks,ampPeaks,riseTime,recoveryTime,aup,meanGSR,stdGSR,firstQuartileGSR,thirdQuartileGSR,sp0005,sp0515,sp_energyRatio,dfa,rrate,det,lmax,ent,lam,tt,corDim,mean_,std_,kurtosis_,skewness_,sp0001,sp0102,vol_id,trial_id
-0.192512003747618,0.0142156017576933,0.00535218024111047,0.7385,89.8471819716554,7.34316159789614,2.80965643044847,4.49811024903883,1.99376948529475,1.03306220912615,2.25608340493477,0.692882559923236,0.307117440076764,0.597760126634378,0.264954799688206,0.137285073677416,0.0194139685256015,0.00371968422377998,0.0776558741024061,0.0148787368951199,5.21925178526924,0.405305559545626,-2.93725962338348,0.00770640298163382,18.9196849064227,92.6885238935045,219,4.48292146588588,84.3167668869388,4.38112061827215,2.09293618321514,0,0,0,0,0,0.830498453107392,0.00175739126096553,0.829126688758619,0.831675273616135,-0.782654503738594,-9.01928722978953,9.01911441822965,0.635430185439517,0.543995648034816,37.5,5,1.5,25,3.33333333333333,0.326232920784766,31.3083889701039,0.0061126264870704,2.31536311541825,-0.390150026433738,9.34759210521392,0.471089903659574,75,8
