mean_,HRV_sdnn,HRV_rmssd,meanIBI,sum_LF,sum_HF,sum_UHF,LF_energia,HF_energia,UHF_energia,Ratio_LFHF,LFnorm,HFnorm,Rel_power_LF,Rel_power_HF,Rel_power_UHF,sd2,sd1,Lsd2,Tsd1,csi,mcsi,cvi,dfa_bvp,rrate,det,lmax,ent,lam,tt,corDim,nbPeaks,ampPeaks,riseTime,recoveryTime,aup,meanGSR,stdGSR,firstQuartileGSR,thirdQuartileGSR,sp0005,sp0515,sp_energyRatio,dfa,rrate,det,lmax,ent,lam,tt,corDim,mean_,std_,kurtosis_,skewness_,sp0001,sp0102,vol_id,trial_id
-0.177782051134742,0.0274168909049255,0.0158087192380833,1.12117514573397,88.3388963037572,8.7879049115693,2.87319878467352,4.48118051235881,2.17337633420544,1.05542596823134,2.06185207864476,0.673400290309706,0.326599709690294,0.581217963775399,0.281891203445317,0.136890832779284,0.0354038269191529,0.0115360300265107,0.141615307676612,0.0461441201060428,3.06897839532249,0.434614319706469,-2.18477343064594,0.0151582177256228,23.1459910794508,96.7017507294706,146,4.4748034460389,92.8920036126164,7.72101920023098,2.20641089942753,0,0,0,0,0,1.23776333382095,0.00204699654445388,1.23642640634694,1.23923605318764,-0.782407740952429,-8.99863131101706,8.99845540519838,1.17869314806681,1.33658197006613,54.1666666666667,8,2.08496250072116,3.125,3,0.132108583411004,30.7634342118225,0.00687685294042909,2.05387191770183,0.249750117619301,9.31213361016315,0.444209304327624,108,9
