mean_,HRV_sdnn,HRV_rmssd,meanIBI,sum_LF,sum_HF,sum_UHF,LF_energia,HF_energia,UHF_energia,Ratio_LFHF,LFnorm,HFnorm,Rel_power_LF,Rel_power_HF,Rel_power_UHF,sd2,sd1,Lsd2,Tsd1,csi,mcsi,cvi,dfa_bvp,rrate,det,lmax,ent,lam,tt,corDim,nbPeaks,ampPeaks,riseTime,recoveryTime,aup,meanGSR,stdGSR,firstQuartileGSR,thirdQuartileGSR,sp0005,sp0515,sp_energyRatio,dfa,rrate,det,lmax,ent,lam,tt,corDim,mean_,std_,kurtosis_,skewness_,sp0001,sp0102,vol_id,trial_id
-0.176980390450309,0.0432878152509973,0.0533861745021695,1.07359806990089,52.419879942869,34.1362107797403,13.4439092773907,3.95928590760017,3.53035872057194,2.59852616165433,1.12149677156851,0.528634682172692,0.471365317827308,0.392468167925247,0.349950332336976,0.257581499737777,0.049085626150567,0.0389021660220585,0.196342504602268,0.155608664088234,1.26177103153419,0.24773928456601,-1.51495189903964,0.0206797110985643,20.1220897160419,95.6047468733768,117,4.22718156316913,92.2473728373357,6.47367683140554,2.27981687815017,0,0,0,0,0,4.82145847824808,0.00219612520293405,4.82068324144232,4.82260680583207,-0.78241653467451,-8.99794068115056,8.99776474197284,1.05342527933291,1.33960047003525,48.2456140350877,8,0.868392729010363,17.1052631578947,3.25,0.244947084582726,29.4740208715279,0.0124888028333142,1.28109464599851,0.110378345144433,9.22678092599475,0.376761094638912,16,9
