mean_,HRV_sdnn,HRV_rmssd,meanIBI,sum_LF,sum_HF,sum_UHF,LF_energia,HF_energia,UHF_energia,Ratio_LFHF,LFnorm,HFnorm,Rel_power_LF,Rel_power_HF,Rel_power_UHF,sd2,sd1,Lsd2,Tsd1,csi,mcsi,cvi,dfa_bvp,rrate,det,lmax,ent,lam,tt,corDim,nbPeaks,ampPeaks,riseTime,recoveryTime,aup,meanGSR,stdGSR,firstQuartileGSR,thirdQuartileGSR,sp0005,sp0515,sp_energyRatio,dfa,rrate,det,lmax,ent,lam,tt,corDim,mean_,std_,kurtosis_,skewness_,sp0001,sp0102,vol_id,trial_id
-0.177133931777174,0.0180802084997364,0.0118019368870416,0.826818181818182,71.9263617145218,23.4699567375733,4.60368154790482,4.27564284168136,3.15572116655375,1.52685631989762,1.35488613094123,0.575351017248419,0.424648982751581,0.477287082151125,0.352270992559025,0.170441925289851,0.0223160469703071,0.00855131568824354,0.0892641878812284,0.0342052627529742,2.60966239393869,0.232949394239119,-2.51522981096653,0.00524004348042074,18.2648144835308,92.3075230003962,126,4.6863601271709,88.7573183078752,4.51250489565266,2.11167266800014,0,0,0,0,0,1.33457399395987,0.00366811456148481,1.33119784496887,1.33760443528586,-0.782126720166763,-8.99639610000426,8.99621995589203,1.86728574964045,4.02987885255163,77.5700934579439,51,2.52636265243787,34.7352024922118,3.53968253968254,1.20883534885885,29.9498374871537,0.0418440387211114,1.31993769200498,-0.321399569460884,9.26021389836249,0.353024462230023,41,8
