mean_,HRV_sdnn,HRV_rmssd,meanIBI,sum_LF,sum_HF,sum_UHF,LF_energia,HF_energia,UHF_energia,Ratio_LFHF,LFnorm,HFnorm,Rel_power_LF,Rel_power_HF,Rel_power_UHF,sd2,sd1,Lsd2,Tsd1,csi,mcsi,cvi,dfa_bvp,rrate,det,lmax,ent,lam,tt,corDim,nbPeaks,ampPeaks,riseTime,recoveryTime,aup,meanGSR,stdGSR,firstQuartileGSR,thirdQuartileGSR,sp0005,sp0515,sp_energyRatio,dfa,rrate,det,lmax,ent,lam,tt,corDim,mean_,std_,kurtosis_,skewness_,sp0001,sp0102,vol_id,trial_id
-0.197999899664055,0.0361908226077502,0.0182266710745967,0.686388888888889,86.0458518320273,9.26233351388661,4.69181465408605,4.45488031501129,2.22595601625139,1.54581942747178,2.0013334865949,0.666814766014379,0.333185233985621,0.541517774130931,0.27057848067704,0.187903745192029,0.049378054920099,0.0129992603339871,0.197512219680396,0.0519970413359483,3.79852804324551,0.750255705339652,-1.98842739757646,0.00239012025055266,25.3425607483774,85.1031091370558,119,3.25734825723816,79.707328680203,5.70799727365671,2.42980620289548,0,0,0,0,0,1.5250813593128,0.00210058025897869,1.52417835489212,1.52622145807845,-0.782024841783818,-8.99771757761729,8.99754150181941,0.929909827308094,1.51458721291124,41.8032786885246,6,1.05298157513027,14.344262295082,3.5,0.234493949370116,33.2529535087398,0.0189797237561838,1.63062250243315,-0.372581762784203,9.46810053337402,0.608743949280988,51,9
