mean_,HRV_sdnn,HRV_rmssd,meanIBI,sum_LF,sum_HF,sum_UHF,LF_energia,HF_energia,UHF_energia,Ratio_LFHF,LFnorm,HFnorm,Rel_power_LF,Rel_power_HF,Rel_power_UHF,sd2,sd1,Lsd2,Tsd1,csi,mcsi,cvi,dfa_bvp,rrate,det,lmax,ent,lam,tt,corDim,nbPeaks,ampPeaks,riseTime,recoveryTime,aup,meanGSR,stdGSR,firstQuartileGSR,thirdQuartileGSR,sp0005,sp0515,sp_energyRatio,dfa,rrate,det,lmax,ent,lam,tt,corDim,mean_,std_,kurtosis_,skewness_,sp0001,sp0102,vol_id,trial_id
-0.188683210604316,0.0399240286378775,0.0189761996681673,0.703796296296296,80.4164360616428,15.4813582529684,4.10220568538879,4.38721858391963,2.73963660675226,1.41152480110123,1.60138705005863,0.615589690900682,0.384410309099318,0.513823299987445,0.320861405722391,0.165315294290165,0.0541919664781527,0.0134543387340007,0.216767865912611,0.0538173549360027,4.02784317754713,0.873106969827561,-1.93308274916095,-0.00324600195614906,17.7128580129165,89.8322779782574,101,3.62634977905169,77.8568348426046,5.19765151515151,2.44740554089221,0.05,0.000210667460686054,0.45,1,0.0122810719593861,8.9158007786109,0.0198040198499703,8.90006016822927,8.92865319726784,-0.781915442009411,-9.0022686469424,9.00209343369463,1.51290252041038,12.5189727399672,95.7322987390883,181,3.6844910959939,88.894277400582,6.54642857142857,0.318733917812146,28.8068785257759,0.0236649092311386,1.70617761691303,-0.149978394675615,9.18157979095668,0.294584163061389,36,8
