mean_,HRV_sdnn,HRV_rmssd,meanIBI,sum_LF,sum_HF,sum_UHF,LF_energia,HF_energia,UHF_energia,Ratio_LFHF,LFnorm,HFnorm,Rel_power_LF,Rel_power_HF,Rel_power_UHF,sd2,sd1,Lsd2,Tsd1,csi,mcsi,cvi,dfa_bvp,rrate,det,lmax,ent,lam,tt,corDim,nbPeaks,ampPeaks,riseTime,recoveryTime,aup,meanGSR,stdGSR,firstQuartileGSR,thirdQuartileGSR,sp0005,sp0515,sp_energyRatio,dfa,rrate,det,lmax,ent,lam,tt,corDim,mean_,std_,kurtosis_,skewness_,sp0001,sp0102,vol_id,trial_id
-0.185300331601555,0.00938073496085451,0.00477766542952957,0.790208333333333,91.4485054408106,4.58281813712524,3.96867642206417,4.51577603179256,1.52231412268099,1.37843264416459,2.96638910755141,0.74788151820603,0.25211848179397,0.608880489468969,0.205259818382885,0.185859692148146,0.0129016498623224,0.00345066872135041,0.0516065994492894,0.0138026748854016,3.73888393936388,0.192951085846133,-3.14733149873384,0.0123656358290365,19.2730496097511,93.1187685119519,150,3.95941920019604,86.2312794626841,5.17992732740258,2.31888414010092,0,0,0,0,0,3.08145649653759,0.00560220410230688,3.07753822418674,3.08442788468593,-0.782609421353161,-8.99428826304685,8.99411172416781,1.53331288175161,3.59281437125748,84.7389558232932,51,2.39747434373586,40.1606425702811,4.34782608695652,0.274480285643115,33.2335674050029,0.0143954775689673,1.75678207512349,-0.196563540796215,9.46680570210354,0.613751009404669,95,8
