mean_,HRV_sdnn,HRV_rmssd,meanIBI,sum_LF,sum_HF,sum_UHF,LF_energia,HF_energia,UHF_energia,Ratio_LFHF,LFnorm,HFnorm,Rel_power_LF,Rel_power_HF,Rel_power_UHF,sd2,sd1,Lsd2,Tsd1,csi,mcsi,cvi,dfa_bvp,rrate,det,lmax,ent,lam,tt,corDim,nbPeaks,ampPeaks,riseTime,recoveryTime,aup,meanGSR,stdGSR,firstQuartileGSR,thirdQuartileGSR,sp0005,sp0515,sp_energyRatio,dfa,rrate,det,lmax,ent,lam,tt,corDim,mean_,std_,kurtosis_,skewness_,sp0001,sp0102,vol_id,trial_id
-0.180145973055172,0.0334221404713135,0.0222426806411741,0.96475,63.8300357500586,28.9616316725763,7.20833257736506,4.15622385935019,3.36597190821544,1.97523765927562,1.23477675176253,0.552528010141811,0.447471989858189,0.437615476998664,0.354408581449244,0.207975941552091,0.0409642548502789,0.0157000391104664,0.163857019401116,0.0628001564418656,2.60918170725894,0.427532737627364,-1.98757422371436,0.0152554320625673,21.3992679441129,94.3040709361087,123,4.51363513769989,90.82113805865,6.2912356041382,2.08423282900328,0.05,0.000533791055506672,0.4,1.5,0.0439918935177682,1.92327006468181,0.0253867795901948,1.90561223482227,1.93409445409006,-0.784081857385671,-8.92655329694284,8.92636532818516,1.02258824510048,4.96976945053485,95.1871657754011,63,3.63900598996213,66.5775401069519,6.38461538461539,0.694858418935852,31.5996572069914,0.027855856980562,1.75996617977725,0.0705222143515531,9.36731032650104,0.516664957141898,13,8
