mean_,HRV_sdnn,HRV_rmssd,meanIBI,sum_LF,sum_HF,sum_UHF,LF_energia,HF_energia,UHF_energia,Ratio_LFHF,LFnorm,HFnorm,Rel_power_LF,Rel_power_HF,Rel_power_UHF,sd2,sd1,Lsd2,Tsd1,csi,mcsi,cvi,dfa_bvp,rrate,det,lmax,ent,lam,tt,corDim,nbPeaks,ampPeaks,riseTime,recoveryTime,aup,meanGSR,stdGSR,firstQuartileGSR,thirdQuartileGSR,sp0005,sp0515,sp_energyRatio,dfa,rrate,det,lmax,ent,lam,tt,corDim,mean_,std_,kurtosis_,skewness_,sp0001,sp0102,vol_id,trial_id
-0.204934725739304,0.0452290467141047,0.0153093108923949,0.7446,84.6625503553756,12.0854649962224,3.25198464840194,4.43867335931865,2.49200349055402,1.17926547101081,1.78116658991189,0.640438654905717,0.359561345094283,0.547312568165726,0.307277584963459,0.145409846870815,0.061026655793934,0.0102846709486371,0.244106623175736,0.0411386837945482,5.9337489841638,1.44846742729668,-1.99817004440065,-0.000297922891713199,26.451699788745,88.3204911928753,134,3.43924248241054,84.0065958449217,6.29095771922836,2.44871633599575,0,0,0,0,0,1.54802608613554,0.00255335695814689,1.54605753185431,1.54976456955714,-0.78269616791407,-8.9931710029106,8.99299416553781,1.4711548375001,2.27442765225198,71.7105263157895,10,2.06504641727735,27.9605263157895,3.26923076923077,0.329915404133794,33.2154287244081,0.0135368828233976,1.73076796673872,0.188595867360722,9.46522048852171,0.623998756403656,51,8
