mean_,HRV_sdnn,HRV_rmssd,meanIBI,sum_LF,sum_HF,sum_UHF,LF_energia,HF_energia,UHF_energia,Ratio_LFHF,LFnorm,HFnorm,Rel_power_LF,Rel_power_HF,Rel_power_UHF,sd2,sd1,Lsd2,Tsd1,csi,mcsi,cvi,dfa_bvp,rrate,det,lmax,ent,lam,tt,corDim,nbPeaks,ampPeaks,riseTime,recoveryTime,aup,meanGSR,stdGSR,firstQuartileGSR,thirdQuartileGSR,sp0005,sp0515,sp_energyRatio,dfa,rrate,det,lmax,ent,lam,tt,corDim,mean_,std_,kurtosis_,skewness_,sp0001,sp0102,vol_id,trial_id
-0.178572384357538,0.0362404848577598,0.0141620303540332,0.865759896171317,82.3871401750459,13.6978050848578,3.91505474009626,4.41142935889907,2.61723560721454,1.36482931148965,1.68553008630127,0.627634035790199,0.372365964209801,0.52557721647232,0.311817167040696,0.162605616486985,0.0472396389396497,0.00952596941552518,0.188958555758599,0.0381038776621007,4.95903743535642,0.937052551737775,-2.14266426496043,-0.00656916207385939,19.4668172855239,91.0023955063605,73,4.11230216475473,86.0503056335701,5.34492047203694,2.1755077821504,0,0,0,0,0,3.65530447244713,0.00374811038769339,3.65264399821509,3.65855075945004,-0.78237659470449,-8.99784536399907,8.9976693417405,1.4235075893422,2.11688311688312,81.5950920245399,57,2.0919171866887,3.68098159509202,3,0.874171134042711,30.5844137747262,0.0198308816397505,1.38095340627538,-0.220520088809472,9.30086806880842,0.415804312064795,52,8
