mean_,HRV_sdnn,HRV_rmssd,meanIBI,sum_LF,sum_HF,sum_UHF,LF_energia,HF_energia,UHF_energia,Ratio_LFHF,LFnorm,HFnorm,Rel_power_LF,Rel_power_HF,Rel_power_UHF,sd2,sd1,Lsd2,Tsd1,csi,mcsi,cvi,dfa_bvp,rrate,det,lmax,ent,lam,tt,corDim,nbPeaks,ampPeaks,riseTime,recoveryTime,aup,meanGSR,stdGSR,firstQuartileGSR,thirdQuartileGSR,sp0005,sp0515,sp_energyRatio,dfa,rrate,det,lmax,ent,lam,tt,corDim,mean_,std_,kurtosis_,skewness_,sp0001,sp0102,vol_id,trial_id
-0.17701761288662,0.0284430943356136,0.0110679718105893,0.742019230769231,93.4845077395352,3.48509487551189,3.03039738495295,4.53779572994081,1.24849526780516,1.10869376107134,3.63461187795945,0.78423220189038,0.21576779810962,0.658129914520532,0.181072955412786,0.160797130066682,0.0393585283007381,0.00782823415592555,0.157434113202953,0.0313129366237022,5.02776584307278,0.791541856896257,-2.30717735880357,0.0230334383151207,17.1886400685021,91.2178122880464,64,3.94886175405424,82.1035152138831,4.75903206127567,2.32595558301472,0.05,5.41765736241206e-05,0.25,1.75,0.0202037732294023,3.36878959516803,0.0499167119173439,3.33298917423549,3.41058399595466,-0.783150791073941,-8.9899820786134,8.98980485946456,1.9678854004229,11.5074171029668,98.957345971564,191,4.19438848899739,98.5781990521327,5.62162162162162,0.867470385066819,29.2581140622985,0.0470466241455523,2.16560867705379,-0.611205282304232,9.21320879994779,0.349903929979772,37,9
