mean_,HRV_sdnn,HRV_rmssd,meanIBI,sum_LF,sum_HF,sum_UHF,LF_energia,HF_energia,UHF_energia,Ratio_LFHF,LFnorm,HFnorm,Rel_power_LF,Rel_power_HF,Rel_power_UHF,sd2,sd1,Lsd2,Tsd1,csi,mcsi,cvi,dfa_bvp,rrate,det,lmax,ent,lam,tt,corDim,nbPeaks,ampPeaks,riseTime,recoveryTime,aup,meanGSR,stdGSR,firstQuartileGSR,thirdQuartileGSR,sp0005,sp0515,sp_energyRatio,dfa,rrate,det,lmax,ent,lam,tt,corDim,mean_,std_,kurtosis_,skewness_,sp0001,sp0102,vol_id,trial_id
-0.184716739505642,0.0358336101871918,0.0269722079185223,0.872619047619048,52.0634166804602,39.6741600721675,8.26242324737234,3.95246252707981,3.68070009598466,2.11171791586051,1.07383444019023,0.517801430711956,0.482198569288044,0.405593738301058,0.37770602536198,0.216700236336962,0.0443683742273587,0.0191565572118407,0.177473496909435,0.0766262288473628,2.31609332181748,0.411045180991536,-1.86648904102283,0.010548007235657,20.1687226006677,93.3266892565278,116,3.94713405658367,88.7402830376719,5.96316635413876,2.28397830570804,0,0,0,0,0,11.2278790569984,0.00695834669192171,11.2224691368258,11.2339545608993,-0.782624685685521,-8.99794092278519,8.99776485152026,1.67454747821753,4.82059377087001,93.1989924433249,71,2.66633847002575,65.9949622166247,4.09375,0.32459506432129,29.949172614535,0.0409416497629507,1.26380568375401,0.000672074079259481,9.25792718536273,0.412702740320971,20,8
